ID,Keyword,Subject,Lesson,Priority
F01-01,地理,foundation,F01,S
F01-02,歴史,foundation,F01,S
F01-03,公民,foundation,F01,S
F01-04,国,foundation,F01,S
F01-05,都道府県,foundation,F01,S
F01-06,農業,foundation,F01,S
F01-07,工業,foundation,F01,S
F01-08,商業,foundation,F01,S
F01-09,政治,foundation,F01,S
F01-10,税,foundation,F01,S
F01-11,産業,foundation,F01,S
F01-12,社会の出来事を説明する基本,foundation,F01,A
F02-01,人口,foundation,F02,S
F02-02,人口密度,foundation,F02,S
F02-03,割合,foundation,F02,S
F02-04,構成比,foundation,F02,S
F02-05,増加率,foundation,F02,A
F02-06,パーセントとポイント,foundation,F02,A
F02-07,凡例,foundation,F02,S
F02-08,折れ線グラフ,foundation,F02,S
F02-09,帯グラフ,foundation,F02,S
F02-10,指数,foundation,F02,A
F02-11,相関関係,foundation,F02,A
F02-12,資料から言える範囲,foundation,F02,A
F03-01,方位,foundation,F03,S
F03-02,縮尺,foundation,F03,S
F03-03,大縮尺の地図,foundation,F03,A
F03-04,標高,foundation,F03,S
F03-05,等高線,foundation,F03,S
F03-06,等高線で谷を見分ける方法,foundation,F03,A
F03-07,地形図,foundation,F03,S
F03-08,主題図,foundation,F03,S
F03-09,ハザードマップ,foundation,F03,S
F03-10,GIS,foundation,F03,A
F03-11,上流と下流,foundation,F03,S
F03-12,地図上の距離から実距離を求める方法,foundation,F03,A
F03-13,地図記号,foundation,F03,S
F04-01,西暦,foundation,F04,S
F04-02,紀元前,foundation,F04,S
F04-03,世紀,foundation,F04,S
F04-04,史料,foundation,F04,S
F04-05,一次史料,foundation,F04,A
F04-06,遺跡,foundation,F04,S
F04-07,時代区分,foundation,F04,S
F04-08,因果関係,foundation,F04,A
F04-09,歴史の並べ替えの考え方,foundation,F04,A
F04-10,史料を読む三つの確認,foundation,F04,A
F04-11,歴史を比較する観点,foundation,F04,A
F04-12,根拠,foundation,F04,S
G01-01,緯度,geography,G01,S
G01-02,経度,geography,G01,S
G01-03,赤道,geography,G01,S
G01-04,本初子午線,geography,G01,S
G01-05,緯線,geography,G01,S
G01-06,経線,geography,G01,S
G01-07,六大陸,geography,G01,S
G01-08,三大洋,geography,G01,S
G01-09,六つの州,geography,G01,S
G01-10,ユーラシア大陸,geography,G01,S
G01-11,オセアニア州,geography,G01,S
G01-12,高緯度と低緯度,geography,G01,A
G01-13,地球の陸地と海洋の割合,geography,G01,S
G01-14,緯度が同じなら気候も同じか,geography,G01,A
G01-101,北半球と南半球,geography,G01,S
G01-102,北極と南極,geography,G01,S
G01-103,海氷と氷床,geography,G01,A
G01-104,半島,geography,G01,S
G01-105,湾,geography,G01,S
G01-106,海峡,geography,G01,S
G01-107,群島,geography,G01,S
G01-108,国境,geography,G01,S
G01-109,緯度と日射の関係,geography,G01,A
G01-110,自然の境界と国境,geography,G01,A
G02-01,地球儀,geography,G02,S
G02-02,メルカトル図法,geography,G02,A
G02-03,正積図法,geography,G02,A
G02-04,正距方位図法,geography,G02,A
G02-05,時差,geography,G02,S
G02-06,標準時,geography,G02,S
G02-07,日本の標準時子午線,geography,G02,S
G02-08,経度差から時差を求める方法,geography,G02,S
G02-09,東と西の時刻の進み方,geography,G02,S
G02-10,日付変更線,geography,G02,A
G02-11,日付変更線を越えるときの日付,geography,G02,A
G02-12,夏時間,geography,G02,A
G02-13,大圏航路,geography,G02,A
G02-14,地図の図法を選ぶ基準,geography,G02,A
G02-101,標準時子午線,geography,G02,S
G02-102,UTCと日本標準時,geography,G02,S
G02-103,時差と所要時間の区別,geography,G02,A
G02-104,24時間表記,geography,G02,S
G02-105,大圏,geography,G02,A
G02-106,正角図法,geography,G02,A
G02-107,世界地図の切れ目,geography,G02,A
G02-108,地図の中心と正確な距離,geography,G02,A
G02-109,高緯度の面積の拡大,geography,G02,A
G02-110,時計の換算と日付調整,geography,G02,A
G03-01,気候,geography,G03,S
G03-02,熱帯,geography,G03,S
G03-03,熱帯雨林気候,geography,G03,S
G03-04,サバナ気候,geography,G03,S
G03-05,乾燥帯,geography,G03,S
G03-06,砂漠気候,geography,G03,S
G03-07,ステップ気候,geography,G03,A
G03-08,温帯,geography,G03,S
G03-09,地中海性気候,geography,G03,S
G03-10,西岸海洋性気候,geography,G03,S
G03-11,温暖湿潤気候,geography,G03,S
G03-12,冷帯（亜寒帯）,geography,G03,S
G03-13,寒帯,geography,G03,S
G03-14,ツンドラ気候,geography,G03,A
G03-15,高山気候,geography,G03,A
G03-16,雨温図,geography,G03,S
G03-17,年較差,geography,G03,S
G03-18,南半球の季節,geography,G03,A
G03-101,日較差,geography,G03,S
G03-102,雨季と乾季,geography,G03,S
G03-103,降水の季節配分,geography,G03,A
G03-104,大陸性の気候,geography,G03,A
G03-105,海の温度調節作用,geography,G03,A
G03-106,タイガ,geography,G03,S
G03-107,永久凍土,geography,G03,S
G03-108,氷雪気候,geography,G03,S
G03-109,緯度と標高の区別,geography,G03,A
G03-110,気候と生活の関係,geography,G03,A
G03-111,年平均と月別の値,geography,G03,A
G03-112,降水量と洪水の区別,geography,G03,A
G04-01,文化圏,geography,G04,S
G04-02,仏教,geography,G04,S
G04-03,キリスト教,geography,G04,S
G04-04,イスラム教,geography,G04,S
G04-05,ヒンドゥー教,geography,G04,A
G04-06,輸出,geography,G04,S
G04-07,輸入,geography,G04,S
G04-08,貿易,geography,G04,S
G04-09,グローバル化,geography,G04,S
G04-10,多国籍企業,geography,G04,A
G04-11,国際分業,geography,G04,A
G04-12,モノカルチャー経済,geography,G04,A
G04-13,プランテーション,geography,G04,A
G04-14,フェアトレード,geography,G04,A
G04-101,民族,geography,G04,S
G04-102,公用語,geography,G04,S
G04-103,母語,geography,G04,S
G04-104,国籍と民族の区別,geography,G04,A
G04-105,ハラール,geography,G04,A
G04-106,生産工程の国際分業,geography,G04,A
G04-107,サプライチェーン,geography,G04,S
G04-108,自給用生産と販売用生産,geography,G04,A
G04-109,企業立地の複数の条件,geography,G04,A
G04-110,認証表示の対象と基準,geography,G04,A
G05-01,東アジア,geography,G05,S
G05-02,黄河,geography,G05,S
G05-03,長江,geography,G05,S
G05-04,中国の東部と西部の違い,geography,G05,S
G05-05,改革開放,geography,G05,A
G05-06,経済特区,geography,G05,S
G05-07,沿岸部,geography,G05,A
G05-08,中国の地域間格差,geography,G05,A
G05-09,一人っ子政策,geography,G05,A
G05-10,韓国の工業,geography,G05,S
G05-11,台湾の半導体産業,geography,G05,A
G05-12,モンゴルの牧畜,geography,G05,S
G05-13,北京,geography,G05,S
G05-14,上海,geography,G05,S
G05-101,黄土高原,geography,G05,S
G05-102,チベット高原,geography,G05,S
G05-103,平均人口密度と人口分布の比較,geography,G05,A
G05-104,都市化,geography,G05,S
G05-105,工業化と都市化の相互関係,geography,G05,A
G05-106,港湾設備と工業立地,geography,G05,A
G05-107,輸出志向型工業化,geography,G05,A
G05-108,半導体,geography,G05,S
G05-109,朝鮮半島の分断,geography,G05,A
G05-110,遊牧と定住的な牧畜,geography,G05,A
G06-01,季節風（モンスーン）,geography,G06,S
G06-02,メコン川,geography,G06,S
G06-03,二期作,geography,G06,S
G06-04,二毛作,geography,G06,S
G06-05,ASEAN,geography,G06,S
G06-06,シンガポール,geography,G06,S
G06-07,マラッカ海峡,geography,G06,A
G06-08,油やし,geography,G06,S
G06-09,ヒマラヤ山脈,geography,G06,S
G06-10,ガンジス川,geography,G06,S
G06-11,デカン高原,geography,G06,A
G06-12,インドのICT産業,geography,G06,S
G06-13,バングラデシュの低地,geography,G06,A
G06-14,東南アジアの工業化,geography,G06,A
G06-101,チャオプラヤ川,geography,G06,S
G06-102,ベンガル湾,geography,G06,S
G06-103,二期作の自然条件と用水,geography,G06,A
G06-104,低地の排水,geography,G06,A
G06-105,天然ゴム,geography,G06,S
G06-106,綿花から綿織物まで,geography,G06,A
G06-107,労働集約型産業,geography,G06,S
G06-108,輸出加工区,geography,G06,A
G06-109,土地利用の競合,geography,G06,A
G06-110,サービスの国際分業,geography,G06,A
G07-01,西アジア,geography,G07,S
G07-02,中央アジア,geography,G07,S
G07-03,オアシス,geography,G07,S
G07-04,灌漑,geography,G07,S
G07-05,遊牧,geography,G07,S
G07-06,ペルシア湾,geography,G07,S
G07-07,原油,geography,G07,S
G07-08,OPEC,geography,G07,S
G07-09,産業の多様化,geography,G07,A
G07-10,海水淡水化,geography,G07,A
G07-11,チグリス川とユーフラテス川,geography,G07,S
G07-12,アラル海の縮小,geography,G07,A
G07-13,内陸国,geography,G07,A
G07-14,水資源の国際的な調整,geography,G07,A
G07-101,ホルムズ海峡,geography,G07,S
G07-102,アラビア半島,geography,G07,S
G07-103,パイプライン,geography,G07,S
G07-104,天然ガス,geography,G07,S
G07-105,液化天然ガス（LNG）,geography,G07,S
G07-106,地下水の涵養,geography,G07,S
G07-107,灌漑による塩害,geography,G07,S
G07-108,流域の水収支,geography,G07,A
G07-109,輸出量・価格・輸出額の関係,geography,G07,A
G07-110,産業の多様化と輸出先の分散,geography,G07,A
G08-01,偏西風,geography,G08,S
G08-02,北大西洋海流,geography,G08,S
G08-03,混合農業,geography,G08,S
G08-04,酪農,geography,G08,S
G08-05,地中海式農業,geography,G08,S
G08-06,アルプス山脈,geography,G08,S
G08-07,ライン川,geography,G08,S
G08-08,ルール地方,geography,G08,S
G08-09,EU,geography,G08,S
G08-10,ユーロ,geography,G08,S
G08-11,EUの単一市場,geography,G08,A
G08-12,イギリスのEU離脱,geography,G08,A
G08-13,ヨーロッパの地域間格差,geography,G08,A
G08-14,移民,geography,G08,A
G08-101,ロッテルダム,geography,G08,S
G08-102,国際河川の水運,geography,G08,A
G08-103,園芸農業,geography,G08,S
G08-104,生乳の加工と流通,geography,G08,A
G08-105,市場統合と共通の規格,geography,G08,A
G08-106,EUとユーロ使用国の範囲,geography,G08,A
G08-107,共通通貨の取引上の利点,geography,G08,A
G08-108,工業地域の産業転換,geography,G08,A
G08-109,内陸への海の影響の減少,geography,G08,A
G08-110,港の取扱量と国内消費量,geography,G08,A
G09-01,サハラ砂漠,geography,G09,S
G09-02,サヘル,geography,G09,A
G09-03,砂漠化,geography,G09,S
G09-04,ナイル川,geography,G09,S
G09-05,コンゴ盆地,geography,G09,S
G09-06,カカオ,geography,G09,S
G09-07,一次産品,geography,G09,S
G09-08,植民地,geography,G09,S
G09-09,アフリカの直線的な国境,geography,G09,A
G09-10,南アフリカ共和国,geography,G09,S
G09-11,アパルトヘイト,geography,G09,S
G09-12,アフリカ連合（AU）,geography,G09,A
G09-13,過放牧,geography,G09,A
G09-14,アフリカの産業を読む注意点,geography,G09,A
G09-101,アトラス山脈,geography,G09,S
G09-102,大地溝帯,geography,G09,A
G09-103,ギニア湾,geography,G09,S
G09-104,西アフリカのカカオ生産,geography,G09,S
G09-105,ナイジェリアの資源輸出,geography,G09,A
G09-106,干ばつと砂漠化の違い,geography,G09,A
G09-107,植民地期の原料輸送,geography,G09,A
G09-108,原料の国内加工,geography,G09,A
G09-109,都市人口と生活基盤,geography,G09,A
G09-110,移動通信と金融サービス,geography,G09,A
G10-01,ロッキー山脈,geography,G10,S
G10-02,アパラチア山脈,geography,G10,S
G10-03,ミシシッピ川,geography,G10,S
G10-04,五大湖,geography,G10,S
G10-05,適地適作,geography,G10,S
G10-06,企業的農業,geography,G10,A
G10-07,労働生産性,geography,G10,A
G10-08,アグリビジネス,geography,G10,A
G10-09,サンベルト,geography,G10,S
G10-10,シリコンバレー,geography,G10,S
G10-11,デトロイト,geography,G10,S
G10-12,ワシントンD.C.,geography,G10,S
G10-13,カナダ,geography,G10,S
G10-14,メキシコとアメリカ合衆国の経済的な結び付き,geography,G10,A
G10-101,グレートプレーンズ,geography,G10,S
G10-102,プレーリー,geography,G10,S
G10-103,とうもろこしと畜産の結び付き,geography,G10,A
G10-104,土地生産性,geography,G10,S
G10-105,センターピボット方式,geography,G10,A
G10-106,農産物の集荷と貯蔵,geography,G10,A
G10-107,生産量と輸出量の違い,geography,G10,A
G10-108,知識集約型産業,geography,G10,S
G10-109,先端産業の集積効果,geography,G10,A
G10-110,ニューヨーク,geography,G10,S
G11-01,アンデス山脈,geography,G11,S
G11-02,アマゾン川,geography,G11,S
G11-03,パンパ,geography,G11,S
G11-04,ブラジル,geography,G11,S
G11-05,ブラジリア,geography,G11,S
G11-06,チリ,geography,G11,S
G11-07,アマゾンの森林減少,geography,G11,A
G11-08,生物多様性,geography,G11,S
G11-09,先住民,geography,G11,A
G11-10,南アメリカの言語と植民地支配,geography,G11,A
G11-11,アンデス高地の農業,geography,G11,A
G11-12,スラム,geography,G11,A
G11-13,森林が減ると気候に影響する理由,geography,G11,A
G11-14,開発と保全を考える観点,geography,G11,A
G11-101,ブラジル高原,geography,G11,S
G11-102,セラード,geography,G11,S
G11-103,土壌改良と農業開発,geography,G11,A
G11-104,大豆と飼料,geography,G11,S
G11-105,さとうきび,geography,G11,S
G11-106,バイオエタノール,geography,G11,A
G11-107,ラプラタ川,geography,G11,S
G11-108,リャマとアルパカ,geography,G11,S
G11-109,道路開発と森林利用,geography,G11,A
G11-110,生産性向上と森林保全,geography,G11,A
G12-01,オーストラリアの人口分布,geography,G12,S
G12-02,キャンベラ,geography,G12,S
G12-03,オーストラリアの農牧業,geography,G12,S
G12-04,オーストラリアの鉱産資源,geography,G12,S
G12-05,ニュージーランド,geography,G12,S
G12-06,アボリジナルの人々,geography,G12,A
G12-07,マオリ,geography,G12,S
G12-08,白豪主義,geography,G12,A
G12-09,多文化主義,geography,G12,S
G12-10,環礁,geography,G12,S
G12-11,太平洋の島々と海面上昇,geography,G12,A
G12-12,オセアニアとアジアの結び付き,geography,G12,A
G12-13,グレートバリアリーフ,geography,G12,S
G12-14,南北半球の季節差を生かす貿易,geography,G12,A
G12-101,グレートディバイディング山脈,geography,G12,S
G12-102,グレートアーテジアン盆地,geography,G12,S
G12-103,掘抜き井戸,geography,G12,S
G12-104,羊毛,geography,G12,S
G12-105,放牧と草地の回復,geography,G12,A
G12-106,ウェリントン,geography,G12,S
G12-107,火山島,geography,G12,S
G12-108,島の標高と浸水の危険,geography,G12,A
G12-109,サンゴの白化,geography,G12,S
G12-110,観光と地域の受入れ条件,geography,G12,A
G13-01,日本列島,geography,G13,S
G13-02,領域,geography,G13,S
G13-03,領土,geography,G13,S
G13-04,領海,geography,G13,S
G13-05,領空,geography,G13,S
G13-06,排他的経済水域,geography,G13,S
G13-07,海里,geography,G13,A
G13-08,北方領土,geography,G13,A
G13-09,竹島,geography,G13,A
G13-10,尖閣諸島,geography,G13,A
G13-11,県庁所在地,geography,G13,S
G13-12,日本海,geography,G13,S
G13-13,東シナ海,geography,G13,S
G13-14,地域区分,geography,G13,A
G13-101,領海の基線,geography,G13,S
G13-102,低潮線,geography,G13,A
G13-103,接続水域,geography,G13,S
G13-104,無害通航,geography,G13,A
G13-105,主権と主権的権利の区別,geography,G13,A
G13-106,行政区画,geography,G13,S
G13-107,生活圏,geography,G13,S
G13-108,県名と県庁所在地の範囲,geography,G13,A
G13-109,地域区分の基準,geography,G13,A
G13-110,概略図と詳細図,geography,G13,A
G14-01,扇状地,geography,G14,S
G14-02,三角州,geography,G14,S
G14-03,台地,geography,G14,S
G14-04,盆地,geography,G14,S
G14-05,リアス海岸,geography,G14,S
G14-06,日本アルプス,geography,G14,S
G14-07,飛騨山脈,geography,G14,S
G14-08,木曽山脈,geography,G14,S
G14-09,赤石山脈,geography,G14,S
G14-10,関東平野,geography,G14,S
G14-11,濃尾平野,geography,G14,S
G14-12,筑紫平野,geography,G14,S
G14-13,信濃川,geography,G14,S
G14-14,流域面積,geography,G14,A
G14-101,侵食・運搬・堆積,geography,G14,S
G14-102,蛇行,geography,G14,S
G14-103,旧河道,geography,G14,S
G14-104,自然堤防,geography,G14,S
G14-105,後背湿地,geography,G14,S
G14-106,河岸段丘,geography,G14,S
G14-107,天井川,geography,G14,S
G14-108,微地形,geography,G14,A
G14-109,河川改修,geography,G14,A
G14-110,地形と土地改良の区別,geography,G14,A
G15-01,日本海側の気候,geography,G15,S
G15-02,太平洋側の気候,geography,G15,S
G15-03,瀬戸内の気候,geography,G15,S
G15-04,中央高地の気候,geography,G15,S
G15-05,北海道の気候,geography,G15,S
G15-06,南西諸島の気候,geography,G15,S
G15-07,梅雨,geography,G15,S
G15-08,台風,geography,G15,S
G15-09,黒潮（日本海流）,geography,G15,S
G15-10,親潮（千島海流）,geography,G15,S
G15-11,対馬海流,geography,G15,S
G15-12,リマン海流,geography,G15,A
G15-13,雨陰,geography,G15,A
G15-14,雪の利点と負担,geography,G15,A
G15-101,平年値,geography,G15,S
G15-102,平年差と前年との差,geography,G15,A
G15-103,フェーン現象,geography,G15,S
G15-104,風上と風下,geography,G15,A
G15-105,降雪量と積雪の深さ,geography,G15,S
G15-106,日照時間,geography,G15,S
G15-107,霧,geography,G15,S
G15-108,気候区分と地点の違い,geography,G15,A
G15-109,少雨の気候と大雨の発生,geography,G15,A
G15-110,農業に必要な気象条件,geography,G15,A
G16-01,自然増減,geography,G16,S
G16-02,社会増減,geography,G16,S
G16-03,人口ピラミッド,geography,G16,S
G16-04,少子高齢化,geography,G16,S
G16-05,過密,geography,G16,S
G16-06,過疎,geography,G16,S
G16-07,昼間人口,geography,G16,S
G16-08,夜間人口,geography,G16,S
G16-09,ドーナツ化現象,geography,G16,A
G16-10,ヒートアイランド現象,geography,G16,S
G16-11,プレート,geography,G16,S
G16-12,減災,geography,G16,S
G16-13,自助・共助・公助,geography,G16,S
G16-14,災害リスクを地図で考える方法,geography,G16,A
G16-101,年少人口,geography,G16,S
G16-102,生産年齢人口,geography,G16,S
G16-103,老年人口,geography,G16,S
G16-104,高齢化率,geography,G16,S
G16-105,人口構成と就業状態,geography,G16,A
G16-106,同じ世代の人口の変化,geography,G16,A
G16-107,内水氾濫,geography,G16,S
G16-108,津波と高潮,geography,G16,S
G16-109,耐震化,geography,G16,S
G16-110,行政サービスと利用人口,geography,G16,A
G17-01,近郊農業,geography,G17,S
G17-02,促成栽培,geography,G17,S
G17-03,抑制栽培,geography,G17,S
G17-04,施設園芸農業,geography,G17,S
G17-05,輸送園芸農業,geography,G17,A
G17-06,沿岸漁業,geography,G17,S
G17-07,沖合漁業,geography,G17,S
G17-08,遠洋漁業,geography,G17,S
G17-09,養殖漁業,geography,G17,S
G17-10,栽培漁業,geography,G17,S
G17-11,水産資源の管理,geography,G17,A
G17-12,森林の多面的な働き,geography,G17,S
G17-13,食料自給率,geography,G17,S
G17-14,食料安全保障,geography,G17,A
G17-101,作付面積,geography,G17,S
G17-102,単位面積当たり収量,geography,G17,S
G17-103,圃場整備,geography,G17,S
G17-104,農地の集約,geography,G17,A
G17-105,地産地消,geography,G17,S
G17-106,6次産業化,geography,G17,S
G17-107,人工林と天然林,geography,G17,S
G17-108,間伐,geography,G17,S
G17-109,水産資源量と漁獲量,geography,G17,A
G17-110,養殖の生産条件,geography,G17,A
G18-01,工業立地,geography,G18,S
G18-02,太平洋ベルト,geography,G18,S
G18-03,重化学工業,geography,G18,S
G18-04,軽工業,geography,G18,S
G18-05,加工組立型工業,geography,G18,S
G18-06,コンビナート,geography,G18,A
G18-07,化石燃料,geography,G18,S
G18-08,再生可能エネルギー,geography,G18,S
G18-09,火力発電の特徴,geography,G18,A
G18-10,太陽光・風力発電の特徴,geography,G18,A
G18-11,原子力発電の特徴,geography,G18,A
G18-12,省エネルギー,geography,G18,S
G18-13,エネルギーミックス,geography,G18,A
G18-14,産業の空洞化,geography,G18,A
G18-101,原料指向型の工業立地,geography,G18,A
G18-102,市場指向型の工業立地,geography,G18,A
G18-103,加工貿易,geography,G18,S
G18-104,工場数と工業の生産規模,geography,G18,A
G18-105,電力と電力量,geography,G18,S
G18-106,設備容量と発電電力量,geography,G18,S
G18-107,送電網,geography,G18,S
G18-108,揚水発電,geography,G18,S
G18-109,電力需要の時間調整,geography,G18,A
G18-110,エネルギー自給率,geography,G18,S
G19-01,第一次産業,geography,G19,S
G19-02,第二次産業,geography,G19,S
G19-03,第三次産業,geography,G19,S
G19-04,コンテナ輸送,geography,G19,S
G19-05,海上輸送の利点,geography,G19,A
G19-06,航空輸送に向く貨物,geography,G19,A
G19-07,物流,geography,G19,S
G19-08,インターチェンジ,geography,G19,A
G19-09,ストロー現象,geography,G19,A
G19-10,貿易黒字,geography,G19,S
G19-11,貿易赤字,geography,G19,S
G19-12,情報通信技術（ICT）,geography,G19,S
G19-13,デジタルデバイド,geography,G19,A
G19-14,持続可能な観光,geography,G19,A
G19-101,モーダルシフト,geography,G19,S
G19-102,トンキロ,geography,G19,S
G19-103,幹線輸送と集配,geography,G19,A
G19-104,卸売業,geography,G19,S
G19-105,小売業,geography,G19,S
G19-106,電子商取引,geography,G19,S
G19-107,コールドチェーン,geography,G19,S
G19-108,距離と所要時間の違い,geography,G19,A
G19-109,積載率,geography,G19,A
G19-110,代替交通と経路の確保,geography,G19,A
G20-01,阿蘇山,geography,G20,S
G20-02,カルデラ,geography,G20,S
G20-03,桜島,geography,G20,S
G20-04,シラス台地,geography,G20,S
G20-05,宮崎県の促成栽培,geography,G20,A
G20-06,南九州の畜産,geography,G20,S
G20-07,筑豊炭田,geography,G20,S
G20-08,北九州工業地域,geography,G20,S
G20-09,シリコンアイランド,geography,G20,A
G20-10,福岡市,geography,G20,S
G20-11,那覇市,geography,G20,S
G20-12,琉球の文化,geography,G20,A
G20-13,沖縄の基地をめぐる課題,geography,G20,A
G20-14,火山の恵みと災害,geography,G20,A
G20-101,筑後川,geography,G20,S
G20-102,有明海,geography,G20,S
G20-103,干潟,geography,G20,S
G20-104,干拓,geography,G20,S
G20-105,火山地域の地熱利用,geography,G20,A
G20-106,南九州の畑作と用水,geography,G20,A
G20-107,北九州の公害対策,geography,G20,A
G20-108,有田の陶磁器,geography,G20,S
G20-109,離島の交通と物流費,geography,G20,A
G20-110,観光客と住民の交通需要,geography,G20,A
G21-01,中国山地,geography,G21,S
G21-02,山陰,geography,G21,S
G21-03,山陽,geography,G21,S
G21-04,四国山地,geography,G21,S
G21-05,讃岐平野,geography,G21,S
G21-06,ため池,geography,G21,S
G21-07,愛媛県のみかん栽培,geography,G21,A
G21-08,高知県の促成栽培,geography,G21,A
G21-09,瀬戸内工業地域,geography,G21,S
G21-10,広島市,geography,G21,S
G21-11,水島地区,geography,G21,A
G21-12,本州四国連絡橋,geography,G21,S
G21-13,中山間地域,geography,G21,A
G21-14,瀬戸内海の島しょ部,geography,G21,A
G21-101,吉野川,geography,G21,S
G21-102,香川用水,geography,G21,S
G21-103,早明浦ダム,geography,G21,S
G21-104,段々畑,geography,G21,S
G21-105,広島湾,geography,G21,S
G21-106,瀬戸大橋,geography,G21,S
G21-107,本州四国連絡橋の三経路,geography,G21,A
G21-108,造船業,geography,G21,S
G21-109,水源地域と受水地域,geography,G21,A
G21-110,山地から沿岸への環境のつながり,geography,G21,A
G22-01,京阪神大都市圏,geography,G22,S
G22-02,阪神工業地帯,geography,G22,S
G22-03,大阪市,geography,G22,S
G22-04,神戸市,geography,G22,S
G22-05,琵琶湖,geography,G22,S
G22-06,淀川,geography,G22,S
G22-07,紀伊山地,geography,G22,A
G22-08,西陣織,geography,G22,S
G22-09,清水焼,geography,G22,S
G22-10,吉野の林業,geography,G22,A
G22-11,志摩半島,geography,G22,A
G22-12,和歌山県の果樹栽培,geography,G22,A
G22-13,伝統的産業,geography,G22,S
G22-14,歴史的景観の保全,geography,G22,A
G22-101,大阪平野,geography,G22,S
G22-102,京都盆地,geography,G22,S
G22-103,奈良盆地,geography,G22,S
G22-104,琵琶湖から大阪湾への水の流れ,geography,G22,A
G22-105,富栄養化,geography,G22,S
G22-106,関西国際空港,geography,G22,S
G22-107,企業間分業,geography,G22,A
G22-108,中小工場と専門技術,geography,G22,A
G22-109,文化財の保存と修理,geography,G22,A
G22-110,観光の時間的な集中,geography,G22,A
G23-01,東海,geography,G23,S
G23-02,中央高地,geography,G23,S
G23-03,北陸,geography,G23,S
G23-04,中京工業地帯,geography,G23,S
G23-05,豊田市,geography,G23,S
G23-06,東海工業地域,geography,G23,S
G23-07,浜松市,geography,G23,A
G23-08,富士市の製紙業,geography,G23,A
G23-09,甲府盆地,geography,G23,S
G23-10,高原野菜,geography,G23,S
G23-11,精密機械工業,geography,G23,A
G23-12,越後平野,geography,G23,S
G23-13,鯖江市の眼鏡産業,geography,G23,A
G23-14,地場産業,geography,G23,A
G23-101,木曽三川,geography,G23,S
G23-102,輪中,geography,G23,S
G23-103,工業用水と農業用水,geography,G23,A
G23-104,部品供給の集中と生産停止,geography,G23,A
G23-105,窯業,geography,G23,S
G23-106,瀬戸・常滑の陶磁器,geography,G23,S
G23-107,富山平野,geography,G23,S
G23-108,散村,geography,G23,S
G23-109,集村,geography,G23,S
G23-110,季節をまたぐ雪解け水の利用,geography,G23,A
G24-01,首都機能,geography,G24,S
G24-02,東京一極集中,geography,G24,S
G24-03,京浜工業地帯,geography,G24,S
G24-04,京葉工業地域,geography,G24,S
G24-05,北関東工業地域,geography,G24,S
G24-06,横浜市,geography,G24,S
G24-07,関東ローム,geography,G24,A
G24-08,嬬恋村のキャベツ栽培,geography,G24,S
G24-09,成田空港,geography,G24,S
G24-10,関東の近郊農業,geography,G24,A
G24-11,都市圏の役割分担,geography,G24,A
G24-12,都市の機能分散,geography,G24,A
G24-13,東京湾の埋立地,geography,G24,A
G24-14,液状化,geography,G24,A
G24-101,武蔵野台地,geography,G24,S
G24-102,下総台地,geography,G24,S
G24-103,荒川,geography,G24,S
G24-104,都心と郊外,geography,G24,S
G24-105,ベッドタウン,geography,G24,S
G24-106,通勤流動,geography,G24,A
G24-107,筑波研究学園都市,geography,G24,S
G24-108,機能分散と拠点間交通,geography,G24,A
G24-109,高速道路と出入口の位置,geography,G24,A
G24-110,大消費地の物資への依存,geography,G24,A
G25-01,奥羽山脈,geography,G25,S
G25-02,やませ,geography,G25,S
G25-03,冷害,geography,G25,S
G25-04,品種改良,geography,G25,S
G25-05,庄内平野,geography,G25,S
G25-06,仙台平野,geography,G25,S
G25-07,津軽平野,geography,G25,S
G25-08,青森県のりんご栽培,geography,G25,A
G25-09,山形県のさくらんぼ栽培,geography,G25,A
G25-10,三陸海岸,geography,G25,S
G25-11,潮目,geography,G25,A
G25-12,仙台市,geography,G25,S
G25-13,東日本大震災,geography,G25,S
G25-14,津波への多重の備え,geography,G25,A
G25-101,北上高地,geography,G25,S
G25-102,阿武隈高地,geography,G25,S
G25-103,北上川,geography,G25,S
G25-104,最上川,geography,G25,S
G25-105,冷害への栽培上の対応,geography,G25,A
G25-106,選果,geography,G25,S
G25-107,産地の共同出荷,geography,G25,A
G25-108,漁港の機能,geography,G25,S
G25-109,復旧と復興,geography,G25,A
G25-110,高台移転と生活動線,geography,G25,A
G26-01,十勝平野,geography,G26,S
G26-02,輪作,geography,G26,S
G26-03,てんさい,geography,G26,S
G26-04,根釧台地,geography,G26,S
G26-05,石狩平野,geography,G26,S
G26-06,泥炭地,geography,G26,A
G26-07,客土,geography,G26,A
G26-08,札幌市,geography,G26,S
G26-09,オホーツク海,geography,G26,S
G26-10,北海道の食品工業,geography,G26,A
G26-11,アイヌの人々,geography,G26,S
G26-12,屯田兵,geography,G26,A
G26-13,北海道の観光と季節差,geography,G26,A
G26-14,北海道の農業地域の比較,geography,G26,A
G26-101,連作,geography,G26,S
G26-102,連作障害,geography,G26,S
G26-103,北海道の農地改良,geography,G26,A
G26-104,牧草地,geography,G26,S
G26-105,集乳,geography,G26,S
G26-106,乳製品を支える三つの産業,geography,G26,A
G26-107,人口密度と公共交通の費用,geography,G26,A
G26-108,季節別の需要と設備,geography,G26,A
G26-109,釧路湿原,geography,G26,S
G26-110,開発の規模と住民の権利,geography,G26,A
G27-01,地域調査,geography,G27,S
G27-02,仮説,geography,G27,S
G27-03,現地観察,geography,G27,A
G27-04,聞き取り調査,geography,G27,A
G27-05,出典,geography,G27,S
G27-06,調査対象の偏り,geography,G27,A
G27-07,比較条件をそろえる方法,geography,G27,A
G27-08,複数資料の照合,geography,G27,A
G27-09,評価基準,geography,G27,A
G27-10,実行可能性,geography,G27,A
G27-11,持続可能性,geography,G27,A
G27-12,提案後の検証,geography,G27,A
G27-101,母集団,geography,G27,S
G27-102,標本,geography,G27,S
G27-103,量的調査と質的調査,geography,G27,S
G27-104,回収率,geography,G27,S
G27-105,誘導的な質問,geography,G27,A
G27-106,調査の比較条件,geography,G27,A
G27-107,前後比較と他の要因,geography,G27,A
G27-108,目的に対応した指標,geography,G27,A
G27-109,個人を特定しにくい集計,geography,G27,A
G27-110,結果・解釈・提案の区別,geography,G27,A
H01-01,旧石器時代,history,H01,S
H01-02,打製石器,history,H01,S
H01-03,磨製石器,history,H01,S
H01-04,新石器時代,history,H01,S
H01-05,狩猟・採集,history,H01,S
H01-06,定住,history,H01,S
H01-07,文明,history,H01,S
H01-08,メソポタミア文明,history,H01,S
H01-09,エジプト文明,history,H01,S
H01-10,インダス文明,history,H01,S
H01-11,中国文明,history,H01,S
H01-12,くさび形文字,history,H01,S
H01-13,象形文字,history,H01,S
H01-14,甲骨文字,history,H01,S
H01-15,殷,history,H01,S
H01-16,ハンムラビ法典,history,H01,S
H01-17,太陽暦と太陰暦,history,H01,A
H01-18,農耕から社会の変化へのつながり,history,H01,A
H01-101,農耕と牧畜,history,H01,S
H01-102,余剰生産物,history,H01,S
H01-103,分業,history,H01,S
H01-104,青銅器,history,H01,S
H01-105,鉄器,history,H01,S
H01-106,都市文明,history,H01,S
H01-107,モヘンジョダロ,history,H01,S
H01-108,ピラミッド,history,H01,S
H01-109,法典,history,H01,S
H01-110,文字と物資の管理,history,H01,A
H01-111,国家と共同作業,history,H01,A
H01-112,文明の地域差と成立の順序,history,H01,A
H02-01,秦,history,H02,S
H02-02,始皇帝,history,H02,S
H02-03,度量衡,history,H02,A
H02-04,漢,history,H02,S
H02-05,シルクロード,history,H02,S
H02-06,孔子,history,H02,S
H02-07,儒教,history,H02,S
H02-08,隋,history,H02,S
H02-09,唐,history,H02,S
H02-10,ポリス,history,H02,S
H02-11,アテネの民主政,history,H02,S
H02-12,ローマ帝国,history,H02,S
H02-13,共和政,history,H02,A
H02-14,釈迦,history,H02,S
H02-15,イエス,history,H02,S
H02-16,ムハンマド,history,H02,S
H02-17,古代と現代の民主政治の違い,history,H02,A
H02-18,統一国家と共通の基準,history,H02,A
H02-101,周,history,H02,S
H02-102,春秋・戦国時代,history,H02,S
H02-103,郡県制,history,H02,S
H02-104,万里の長城,history,H02,S
H02-105,科挙,history,H02,S
H02-106,官吏,history,H02,S
H02-107,アレクサンドロス大王,history,H02,S
H02-108,ヘレニズム文化,history,H02,S
H02-109,古代の市民と住民,history,H02,A
H02-110,ローマ法,history,H02,S
H02-111,帝国を支える交通と行政,history,H02,A
H02-112,宗教の公認と国教化,history,H02,A
H03-01,岩宿遺跡,history,H03,S
H03-02,縄文時代,history,H03,S
H03-03,縄文土器,history,H03,S
H03-04,竪穴住居,history,H03,S
H03-05,貝塚,history,H03,S
H03-06,土偶,history,H03,S
H03-07,三内丸山遺跡,history,H03,S
H03-08,弥生時代,history,H03,S
H03-09,弥生土器,history,H03,S
H03-10,高床倉庫,history,H03,S
H03-11,環濠集落,history,H03,S
H03-12,吉野ヶ里遺跡,history,H03,S
H03-13,奴国の金印,history,H03,S
H03-14,卑弥呼,history,H03,S
H03-15,古墳,history,H03,S
H03-16,前方後円墳,history,H03,S
H03-17,ヤマト政権,history,H03,S
H03-18,渡来人,history,H03,S
H03-101,石包丁,history,H03,S
H03-102,銅鐸,history,H03,S
H03-103,銅鏡,history,H03,S
H03-104,登呂遺跡,history,H03,S
H03-105,魏志倭人伝,history,H03,S
H03-106,埴輪,history,H03,S
H03-107,副葬品,history,H03,S
H03-108,須恵器,history,H03,S
H03-109,豪族,history,H03,S
H03-110,大王,history,H03,S
H03-111,土偶と埴輪の比較,history,H03,A
H03-112,文献と出土品の照合,history,H03,A
H04-01,仏教伝来,history,H04,S
H04-02,推古天皇,history,H04,S
H04-03,厩戸王（聖徳太子）,history,H04,S
H04-04,冠位十二階,history,H04,S
H04-05,十七条の憲法,history,H04,S
H04-06,小野妹子,history,H04,S
H04-07,遣隋使,history,H04,S
H04-08,遣唐使,history,H04,S
H04-09,大化の改新,history,H04,S
H04-10,中大兄皇子,history,H04,S
H04-11,中臣鎌足,history,H04,S
H04-12,公地公民,history,H04,S
H04-13,白村江の戦い,history,H04,S
H04-14,壬申の乱,history,H04,S
H04-15,天武天皇,history,H04,S
H04-16,大宝律令,history,H04,S
H04-17,律と令,history,H04,S
H04-18,飛鳥文化,history,H04,S
H04-101,蘇我氏,history,H04,S
H04-102,蘇我馬子,history,H04,S
H04-103,中央集権,history,H04,S
H04-104,戸籍,history,H04,S
H04-105,百済,history,H04,S
H04-106,新羅,history,H04,S
H04-107,天智天皇,history,H04,S
H04-108,持統天皇,history,H04,S
H04-109,藤原京,history,H04,S
H04-110,水城,history,H04,S
H04-111,政治改革と制度の実施,history,H04,A
H04-112,都城と行政の集中,history,H04,A
H05-01,平城京,history,H05,S
H05-02,国司,history,H05,S
H05-03,郡司,history,H05,S
H05-04,班田収授法,history,H05,S
H05-05,口分田,history,H05,S
H05-06,租,history,H05,S
H05-07,庸,history,H05,S
H05-08,調,history,H05,S
H05-09,防人,history,H05,S
H05-10,墾田永年私財法,history,H05,S
H05-11,荘園,history,H05,S
H05-12,聖武天皇,history,H05,S
H05-13,国分寺・国分尼寺,history,H05,S
H05-14,鑑真,history,H05,S
H05-15,行基,history,H05,S
H05-16,天平文化,history,H05,S
H05-17,古事記・日本書紀,history,H05,S
H05-18,万葉集,history,H05,S
H05-101,三世一身法,history,H05,S
H05-102,開墾に必要な資源,history,H05,A
H05-103,私有地と免税の区別,history,H05,A
H05-104,労役,history,H05,S
H05-105,税の運搬負担,history,H05,A
H05-106,木簡,history,H05,S
H05-107,和同開珎,history,H05,S
H05-108,富本銭,history,H05,S
H05-109,風土記,history,H05,S
H05-110,正倉院,history,H05,S
H05-111,法令と運用の比較,history,H05,A
H05-112,都と地方の物資のつながり,history,H05,A
H06-01,平安京,history,H06,S
H06-02,桓武天皇,history,H06,S
H06-03,坂上田村麻呂,history,H06,S
H06-04,摂政,history,H06,S
H06-05,関白,history,H06,S
H06-06,摂関政治,history,H06,S
H06-07,藤原道長,history,H06,S
H06-08,藤原頼通,history,H06,S
H06-09,院政,history,H06,S
H06-10,白河上皇,history,H06,S
H06-11,最澄,history,H06,S
H06-12,空海,history,H06,S
H06-13,菅原道真,history,H06,S
H06-14,国風文化,history,H06,S
H06-15,かな文字,history,H06,S
H06-16,源氏物語,history,H06,S
H06-17,枕草子,history,H06,S
H06-18,浄土信仰,history,H06,S
H06-101,外戚,history,H06,S
H06-102,上皇,history,H06,S
H06-103,寄進,history,H06,S
H06-104,不輸の権,history,H06,S
H06-105,不入の権,history,H06,S
H06-106,受領,history,H06,S
H06-107,古今和歌集,history,H06,S
H06-108,紀貫之,history,H06,S
H06-109,土佐日記,history,H06,S
H06-110,寝殿造,history,H06,S
H06-111,大和絵,history,H06,S
H06-112,平等院鳳凰堂,history,H06,S
H07-01,武士,history,H07,S
H07-02,武士団,history,H07,S
H07-03,平清盛,history,H07,S
H07-04,日宋貿易,history,H07,S
H07-05,源頼朝,history,H07,S
H07-06,鎌倉幕府,history,H07,S
H07-07,御家人,history,H07,S
H07-08,御恩,history,H07,S
H07-09,奉公,history,H07,S
H07-10,守護,history,H07,S
H07-11,地頭,history,H07,S
H07-12,侍所,history,H07,S
H07-13,政所,history,H07,S
H07-14,問注所,history,H07,S
H07-15,執権,history,H07,S
H07-16,北条政子,history,H07,S
H07-17,承久の乱,history,H07,S
H07-18,御成敗式目,history,H07,S
H07-101,保元の乱,history,H07,S
H07-102,平治の乱,history,H07,S
H07-103,壇ノ浦の戦い,history,H07,S
H07-104,本領安堵,history,H07,S
H07-105,新恩給与,history,H07,S
H07-106,所領,history,H07,S
H07-107,一所懸命,history,H07,S
H07-108,北条義時,history,H07,S
H07-109,北条泰時,history,H07,S
H07-110,六波羅探題,history,H07,S
H07-111,所領の争いと文書,history,H07,A
H07-112,写本,history,H07,S
H08-01,モンゴル帝国,history,H08,S
H08-02,フビライ・ハン,history,H08,S
H08-03,元寇,history,H08,S
H08-04,文永の役,history,H08,S
H08-05,弘安の役,history,H08,S
H08-06,元寇後の恩賞の問題,history,H08,A
H08-07,永仁の徳政令,history,H08,S
H08-08,浄土宗,history,H08,S
H08-09,浄土真宗,history,H08,S
H08-10,時宗,history,H08,S
H08-11,日蓮宗,history,H08,S
H08-12,臨済宗,history,H08,S
H08-13,曹洞宗,history,H08,S
H08-14,鎌倉文化,history,H08,S
H08-15,金剛力士像,history,H08,S
H08-16,平家物語,history,H08,S
H08-17,後醍醐天皇,history,H08,S
H08-18,建武の新政,history,H08,S
H08-101,北条時宗,history,H08,S
H08-102,蒙古襲来絵詞,history,H08,S
H08-103,竹崎季長,history,H08,S
H08-104,分割相続と所領の細分化,history,H08,A
H08-105,土地の売却と武士の困窮,history,H08,A
H08-106,戦闘後も続く防衛負担,history,H08,A
H08-107,念仏,history,H08,S
H08-108,題目,history,H08,S
H08-109,座禅,history,H08,S
H08-110,新田義貞,history,H08,S
H08-111,一般的な傾向と個別の恩賞,history,H08,A
H08-112,倒幕後の政治への期待,history,H08,A
H09-01,足利尊氏,history,H09,S
H09-02,室町幕府,history,H09,S
H09-03,南北朝の動乱,history,H09,S
H09-04,管領,history,H09,S
H09-05,守護大名,history,H09,S
H09-06,足利義満,history,H09,S
H09-07,明,history,H09,S
H09-08,勘合貿易,history,H09,S
H09-09,倭寇,history,H09,S
H09-10,朝貢,history,H09,A
H09-11,朝鮮王朝,history,H09,S
H09-12,ハングル,history,H09,S
H09-13,琉球王国,history,H09,S
H09-14,中継貿易,history,H09,S
H09-15,蝦夷地,history,H09,S
H09-16,コシャマインの戦い,history,H09,A
H09-17,応仁の乱,history,H09,S
H09-18,下剋上,history,H09,S
H09-19,戦国大名,history,H09,S
H09-20,分国法,history,H09,S
H09-101,鎌倉府,history,H09,S
H09-102,国人,history,H09,S
H09-103,領国,history,H09,S
H09-104,守護の地位と実際の支配力,history,H09,A
H09-105,冊封,history,H09,S
H09-106,勘合,history,H09,S
H09-107,宋銭と永楽通宝,history,H09,S
H09-108,李成桂,history,H09,S
H09-109,世宗,history,H09,S
H09-110,尚巴志,history,H09,S
H09-111,首里城,history,H09,S
H09-112,中世の港町の役割,history,H09,A
H10-01,惣,history,H10,S
H10-02,寄合,history,H10,S
H10-03,土一揆,history,H10,S
H10-04,正長の土一揆,history,H10,S
H10-05,山城国一揆,history,H10,S
H10-06,一向一揆,history,H10,S
H10-07,座,history,H10,S
H10-08,土倉・酒屋,history,H10,S
H10-09,馬借,history,H10,S
H10-10,問丸,history,H10,S
H10-11,北山文化,history,H10,S
H10-12,金閣,history,H10,S
H10-13,東山文化,history,H10,S
H10-14,銀閣,history,H10,S
H10-15,書院造,history,H10,S
H10-16,能,history,H10,S
H10-17,狂言,history,H10,S
H10-18,雪舟,history,H10,S
H10-19,連歌,history,H10,S
H10-20,方丈記・徒然草,history,H10,S
H10-21,枯山水,history,H10,S
H10-101,入会地,history,H10,S
H10-102,惣掟,history,H10,S
H10-103,中世の自治と参加者,history,H10,A
H10-104,定期市,history,H10,S
H10-105,堺,history,H10,S
H10-106,会合衆,history,H10,S
H10-107,足利義政,history,H10,S
H10-108,観阿弥,history,H10,S
H10-109,世阿弥,history,H10,S
H10-110,水墨画,history,H10,S
H10-111,御伽草子,history,H10,S
H10-112,茶の湯,history,H10,S
H11-01,ルネサンス,history,H11,S
H11-02,レオナルド・ダ・ヴィンチ,history,H11,S
H11-03,宗教改革,history,H11,S
H11-04,ルター,history,H11,S
H11-05,カトリック,history,H11,S
H11-06,プロテスタント,history,H11,S
H11-07,イエズス会,history,H11,S
H11-08,活版印刷,history,H11,A
H11-09,大航海時代,history,H11,S
H11-10,コロンブス,history,H11,S
H11-11,バスコ・ダ・ガマ,history,H11,S
H11-12,マゼランの船団,history,H11,S
H11-13,大西洋奴隷貿易,history,H11,A
H11-14,鉄砲伝来,history,H11,S
H11-15,フランシスコ・ザビエル,history,H11,S
H11-16,キリシタン,history,H11,S
H11-17,南蛮貿易,history,H11,S
H11-18,大航海時代を複数の立場で見る方法,history,H11,A
H11-101,十字軍,history,H11,S
H11-102,香辛料,history,H11,S
H11-103,羅針盤,history,H11,S
H11-104,海図,history,H11,S
H11-105,喜望峰,history,H11,S
H11-106,贖宥状（免罪符）,history,H11,S
H11-107,カルバン,history,H11,S
H11-108,アステカ王国,history,H11,S
H11-109,インカ帝国,history,H11,S
H11-110,銀を介した広域の交易,history,H11,A
H11-111,キリシタン大名,history,H11,S
H11-112,南蛮屏風,history,H11,S
H12-01,織田信長,history,H12,S
H12-02,楽市・楽座,history,H12,S
H12-03,長篠の戦い,history,H12,S
H12-04,本能寺の変,history,H12,S
H12-05,豊臣秀吉,history,H12,S
H12-06,小田原攻め,history,H12,S
H12-07,太閤検地,history,H12,S
H12-08,石高,history,H12,S
H12-09,刀狩,history,H12,S
H12-10,兵農分離,history,H12,S
H12-11,朝鮮侵略,history,H12,S
H12-12,文禄・慶長の役,history,H12,A
H12-13,安土城,history,H12,S
H12-14,城下町,history,H12,S
H12-15,桃山文化,history,H12,S
H12-16,狩野永徳,history,H12,S
H12-17,千利休,history,H12,S
H12-18,南蛮文化,history,H12,A
H12-101,足利義昭,history,H12,S
H12-102,石山本願寺,history,H12,S
H12-103,関所,history,H12,S
H12-104,明智光秀,history,H12,S
H12-105,太閤,history,H12,S
H12-106,検地帳,history,H12,S
H12-107,石高と土地面積の違い,history,H12,A
H12-108,石高と年貢量の違い,history,H12,A
H12-109,土地・武器・身分の統制,history,H12,A
H12-110,バテレン追放令,history,H12,S
H12-111,障壁画,history,H12,S
H12-112,安土桃山時代,history,H12,S
H13-01,徳川家康,history,H13,S
H13-02,関ヶ原の戦い,history,H13,S
H13-03,江戸幕府,history,H13,S
H13-04,大坂の陣,history,H13,S
H13-05,大名,history,H13,S
H13-06,藩,history,H13,S
H13-07,幕藩体制,history,H13,S
H13-08,幕領,history,H13,S
H13-09,親藩,history,H13,S
H13-10,譜代大名,history,H13,S
H13-11,外様大名,history,H13,S
H13-12,武家諸法度,history,H13,S
H13-13,参勤交代,history,H13,S
H13-14,徳川家光,history,H13,S
H13-15,禁中並公家諸法度,history,H13,S
H13-16,百姓,history,H13,S
H13-17,町人,history,H13,S
H13-18,江戸時代の身分を理解する注意点,history,H13,A
H13-101,老中,history,H13,S
H13-102,若年寄,history,H13,S
H13-103,旗本,history,H13,S
H13-104,鎌倉と江戸の御家人,history,H13,A
H13-105,町奉行,history,H13,S
H13-106,勘定奉行,history,H13,S
H13-107,寺社奉行,history,H13,S
H13-108,代官,history,H13,S
H13-109,一国一城令,history,H13,S
H13-110,改易,history,H13,S
H13-111,浪人,history,H13,S
H13-112,身分と経済力の違い,history,H13,A
H14-01,朱印船貿易,history,H14,S
H14-02,日本町,history,H14,S
H14-03,禁教,history,H14,S
H14-04,島原・天草一揆,history,H14,S
H14-05,鎖国,history,H14,S
H14-06,出島,history,H14,S
H14-07,唐人屋敷,history,H14,S
H14-08,対馬藩,history,H14,S
H14-09,朝鮮通信使,history,H14,S
H14-10,薩摩藩,history,H14,S
H14-11,松前藩,history,H14,S
H14-12,シャクシャインの戦い,history,H14,S
H14-13,江戸の四つの窓口,history,H14,A
H14-14,清,history,H14,S
H14-15,幕府が海外情報を得た方法,history,H14,A
H14-16,鎖国を段階的に理解する方法,history,H14,A
H14-101,寺請制度,history,H14,S
H14-102,宗門改帳,history,H14,S
H14-103,絵踏と踏絵,history,H14,S
H14-104,長崎奉行,history,H14,S
H14-105,通詞,history,H14,S
H14-106,カピタン,history,H14,S
H14-107,江戸参府,history,H14,S
H14-108,長崎貿易と国内流通,history,H14,A
H14-109,長崎街道,history,H14,S
H14-110,琉球の複数の対外関係,history,H14,A
H14-111,交易の管理と取引条件,history,H14,A
H14-112,禁止・許可・監督の区別,history,H14,A
H15-01,新田開発,history,H15,S
H15-02,備中ぐわ,history,H15,S
H15-03,千歯こき,history,H15,S
H15-04,干鰯,history,H15,S
H15-05,商品作物,history,H15,S
H15-06,村請制,history,H15,S
H15-07,五人組,history,H15,S
H15-08,五街道,history,H15,S
H15-09,宿場,history,H15,S
H15-10,東廻り航路・西廻り航路,history,H15,S
H15-11,北前船,history,H15,S
H15-12,蔵屋敷,history,H15,S
H15-13,天下の台所,history,H15,S
H15-14,三都,history,H15,S
H15-15,両替商,history,H15,S
H15-16,問屋制家内工業,history,H15,S
H15-17,工場制手工業,history,H15,S
H15-18,江戸の米と貨幣の関係,history,H15,A
H15-101,金肥,history,H15,S
H15-102,油かす,history,H15,S
H15-103,地主,history,H15,S
H15-104,小作料,history,H15,S
H15-105,名主・庄屋,history,H15,S
H15-106,菱垣廻船,history,H15,S
H15-107,樽廻船,history,H15,S
H15-108,飛脚,history,H15,S
H15-109,金・銀・銭の使い分け,history,H15,A
H15-110,堂島の米取引,history,H15,S
H15-111,米価と立場による影響,history,H15,A
H15-112,問屋と生産者の関係,history,H15,A
H16-01,徳川吉宗,history,H16,S
H16-02,享保の改革,history,H16,S
H16-03,上げ米の制,history,H16,S
H16-04,目安箱,history,H16,S
H16-05,公事方御定書,history,H16,S
H16-06,田沼意次,history,H16,S
H16-07,株仲間,history,H16,S
H16-08,天明の飢饉,history,H16,S
H16-09,松平定信,history,H16,S
H16-10,寛政の改革,history,H16,S
H16-11,囲米,history,H16,S
H16-12,水野忠邦,history,H16,S
H16-13,天保の改革,history,H16,S
H16-14,人返し令,history,H16,A
H16-15,上知令,history,H16,A
H16-16,百姓一揆,history,H16,S
H16-17,打ちこわし,history,H16,S
H16-18,大塩平八郎の乱,history,H16,S
H16-101,徳川綱吉,history,H16,S
H16-102,生類憐みの令,history,H16,S
H16-103,文治政治,history,H16,S
H16-104,新井白石,history,H16,S
H16-105,正徳の治,history,H16,S
H16-106,足高の制,history,H16,S
H16-107,棄捐令,history,H16,S
H16-108,寛政異学の禁,history,H16,S
H16-109,天保の飢饉,history,H16,S
H16-110,藩の専売制,history,H16,S
H16-111,不作と都市の生活,history,H16,A
H16-112,政策の目的と副作用,history,H16,A
H17-01,寺子屋,history,H17,S
H17-02,藩校,history,H17,S
H17-03,朱子学,history,H17,S
H17-04,国学,history,H17,S
H17-05,本居宣長,history,H17,S
H17-06,蘭学,history,H17,S
H17-07,解体新書,history,H17,S
H17-08,杉田玄白,history,H17,S
H17-09,伊能忠敬,history,H17,S
H17-10,元禄文化,history,H17,S
H17-11,井原西鶴,history,H17,S
H17-12,近松門左衛門,history,H17,S
H17-13,松尾芭蕉,history,H17,S
H17-14,浮世絵,history,H17,S
H17-15,菱川師宣,history,H17,S
H17-16,化政文化,history,H17,S
H17-17,十返舎一九,history,H17,S
H17-18,滝沢馬琴,history,H17,S
H17-19,葛飾北斎,history,H17,S
H17-20,歌川広重,history,H17,S
H17-101,木版印刷,history,H17,S
H17-102,貸本屋,history,H17,S
H17-103,上方,history,H17,S
H17-104,前野良沢,history,H17,S
H17-105,シーボルト,history,H17,S
H17-106,鳴滝塾,history,H17,S
H17-107,緒方洪庵,history,H17,S
H17-108,適塾,history,H17,S
H17-109,蛮社の獄,history,H17,S
H17-110,渡辺崋山と高野長英,history,H17,S
H17-111,翻訳と知識の共有,history,H17,A
H17-112,紀行・物語と歴史資料,history,H17,A
H18-01,市民革命,history,H18,S
H18-02,ピューリタン革命,history,H18,S
H18-03,名誉革命,history,H18,S
H18-04,権利章典,history,H18,S
H18-05,ロック,history,H18,S
H18-06,モンテスキュー,history,H18,S
H18-07,ルソー,history,H18,S
H18-08,アメリカ独立宣言,history,H18,S
H18-09,フランス革命,history,H18,S
H18-10,フランス人権宣言,history,H18,S
H18-11,ナポレオン,history,H18,S
H18-12,産業革命,history,H18,S
H18-13,ワット,history,H18,S
H18-14,工場制機械工業,history,H18,S
H18-15,資本主義,history,H18,S
H18-16,社会主義,history,H18,S
H18-17,マルクス,history,H18,S
H18-18,南北戦争,history,H18,S
H18-19,帝国主義,history,H18,S
H18-20,アヘン戦争,history,H18,S
H18-21,南京条約,history,H18,S
H18-22,革命の理念と現実の違い,history,H18,A
H18-101,絶対王政,history,H18,S
H18-102,立憲君主制,history,H18,S
H18-103,クロムウェル,history,H18,S
H18-104,啓蒙思想,history,H18,S
H18-105,ワシントン,history,H18,S
H18-106,連邦制,history,H18,S
H18-107,資本家,history,H18,S
H18-108,賃金労働者,history,H18,S
H18-109,工場法,history,H18,S
H18-110,ビスマルク,history,H18,S
H18-111,リンカン,history,H18,S
H18-112,自由の理念と植民地支配,history,H18,A
H19-01,ペリー,history,H19,S
H19-02,日米和親条約,history,H19,S
H19-03,日米修好通商条約,history,H19,S
H19-04,ハリス,history,H19,S
H19-05,領事裁判権,history,H19,S
H19-06,関税自主権,history,H19,S
H19-07,井伊直弼,history,H19,S
H19-08,安政の大獄,history,H19,S
H19-09,桜田門外の変,history,H19,S
H19-10,尊王攘夷,history,H19,S
H19-11,薩英戦争,history,H19,S
H19-12,下関での外国艦隊との戦い,history,H19,A
H19-13,薩長同盟,history,H19,S
H19-14,坂本龍馬,history,H19,S
H19-15,徳川慶喜,history,H19,S
H19-16,大政奉還,history,H19,S
H19-17,王政復古の大号令,history,H19,S
H19-18,戊辰戦争,history,H19,S
H19-19,明治維新,history,H19,S
H19-20,和親条約と通商条約の違い,history,H19,A
H19-101,ラクスマン,history,H19,S
H19-102,異国船打払令,history,H19,S
H19-103,薪水給与令,history,H19,S
H19-104,捕鯨と太平洋の寄港地,history,H19,A
H19-105,勅許,history,H19,S
H19-106,高杉晋作,history,H19,S
H19-107,奇兵隊,history,H19,S
H19-108,輸出増加と国内の原料価格,history,H19,A
H19-109,開国と金の流出,history,H19,A
H19-110,鳥羽・伏見の戦い,history,H19,S
H19-111,勝海舟,history,H19,S
H19-112,江戸開城,history,H19,S
H20-01,五箇条の御誓文,history,H20,S
H20-02,版籍奉還,history,H20,S
H20-03,廃藩置県,history,H20,S
H20-04,富国強兵,history,H20,S
H20-05,殖産興業,history,H20,S
H20-06,富岡製糸場,history,H20,S
H20-07,岩倉使節団,history,H20,S
H20-08,学制,history,H20,S
H20-09,徴兵令,history,H20,S
H20-10,地租改正,history,H20,S
H20-11,地券,history,H20,S
H20-12,文明開化,history,H20,S
H20-13,福沢諭吉,history,H20,S
H20-14,四民平等,history,H20,S
H20-15,解放令,history,H20,S
H20-16,秩禄処分,history,H20,S
H20-17,廃刀令,history,H20,S
H20-18,西南戦争,history,H20,S
H20-19,征韓論,history,H20,S
H20-20,樺太・千島交換条約,history,H20,S
H20-21,日朝修好条規,history,H20,S
H20-22,琉球処分,history,H20,S
H20-101,知藩事,history,H20,S
H20-102,大久保利通,history,H20,S
H20-103,木戸孝允,history,H20,S
H20-104,西郷隆盛,history,H20,S
H20-105,金納,history,H20,S
H20-106,地価・作物価格・納税の関係,history,H20,A
H20-107,官営工場,history,H20,S
H20-108,お雇い外国人,history,H20,S
H20-109,郵便と電信,history,H20,S
H20-110,華族・士族・平民,history,H20,S
H20-111,法的な身分変更と社会的差別,history,H20,A
H20-112,キリスト教禁止の高札撤去,history,H20,S
H21-01,藩閥政治,history,H21,S
H21-02,板垣退助,history,H21,S
H21-03,民撰議院設立の建白書,history,H21,S
H21-04,自由民権運動,history,H21,S
H21-05,私擬憲法,history,H21,S
H21-06,国会期成同盟,history,H21,S
H21-07,国会開設の勅諭,history,H21,S
H21-08,自由党,history,H21,S
H21-09,立憲改進党,history,H21,S
H21-10,大隈重信,history,H21,S
H21-11,秩父事件,history,H21,S
H21-12,伊藤博文,history,H21,S
H21-13,大日本帝国憲法,history,H21,S
H21-14,帝国議会,history,H21,S
H21-15,貴族院,history,H21,S
H21-16,1890年の衆議院選挙権,history,H21,S
H21-17,教育勅語,history,H21,S
H21-18,二つの日本の憲法を比べる観点,history,H21,A
H21-101,政治結社,history,H21,S
H21-102,請願,history,H21,S
H21-103,五日市憲法草案,history,H21,S
H21-104,明治十四年の政変,history,H21,S
H21-105,松方正義,history,H21,S
H21-106,松方デフレ,history,H21,S
H21-107,欽定憲法,history,H21,S
H21-108,枢密院,history,H21,S
H21-109,制限選挙,history,H21,S
H21-110,立憲政友会,history,H21,S
H21-111,物価下落と固定した負担,history,H21,A
H21-112,憲法の制定と政治の運用,history,H21,A
H22-01,条約改正,history,H22,S
H22-02,陸奥宗光,history,H22,S
H22-03,小村寿太郎,history,H22,S
H22-04,日清戦争,history,H22,S
H22-05,下関条約,history,H22,S
H22-06,三国干渉,history,H22,S
H22-07,日英同盟,history,H22,S
H22-08,日露戦争,history,H22,S
H22-09,ポーツマス条約,history,H22,S
H22-10,日比谷焼打ち事件,history,H22,S
H22-11,韓国併合,history,H22,S
H22-12,辛亥革命,history,H22,S
H22-13,孫文,history,H22,S
H22-14,三民主義,history,H22,S
H22-15,八幡製鉄所,history,H22,S
H22-16,製糸業と紡績業,history,H22,S
H22-17,財閥,history,H22,S
H22-18,足尾銅山鉱毒事件,history,H22,S
H22-19,田中正造,history,H22,S
H22-20,夏目漱石,history,H22,S
H22-21,森鷗外,history,H22,S
H22-22,与謝野晶子,history,H22,S
H22-101,署名・批准・発効,history,H22,S
H22-102,遼東半島,history,H22,S
H22-103,割譲,history,H22,S
H22-104,租借,history,H22,S
H22-105,権益,history,H22,S
H22-106,南満州鉄道,history,H22,S
H22-107,保護国化,history,H22,S
H22-108,統監府,history,H22,S
H22-109,朝鮮総督府,history,H22,S
H22-110,養蚕,history,H22,S
H22-111,日本の工場法の制定と施行,history,H22,A
H22-112,産業化の利益と社会的な負担,history,H22,A
H23-01,第一次世界大戦,history,H23,S
H23-02,総力戦,history,H23,S
H23-03,二十一か条の要求,history,H23,S
H23-04,ロシア革命,history,H23,S
H23-05,レーニン,history,H23,S
H23-06,ソビエト社会主義共和国連邦,history,H23,S
H23-07,ベルサイユ条約,history,H23,S
H23-08,国際連盟,history,H23,S
H23-09,民族自決,history,H23,S
H23-10,三・一独立運動,history,H23,S
H23-11,五・四運動,history,H23,S
H23-12,ガンディー,history,H23,S
H23-13,ワシントン会議,history,H23,S
H23-14,米騒動,history,H23,S
H23-15,原敬,history,H23,S
H23-16,大正デモクラシー,history,H23,S
H23-17,吉野作造,history,H23,S
H23-18,普通選挙法（1925年）,history,H23,S
H23-19,治安維持法,history,H23,S
H23-20,全国水平社,history,H23,S
H23-21,小作争議,history,H23,S
H23-22,関東大震災,history,H23,S
H23-23,平塚らいてうと市川房枝,history,H23,A
H23-24,1925年の権利の拡大と制限,history,H23,A
H23-101,三国同盟と三国協商,history,H23,S
H23-102,サラエボ事件,history,H23,S
H23-103,塹壕,history,H23,S
H23-104,銃後,history,H23,S
H23-105,ウィルソン,history,H23,S
H23-106,軍縮条約の対象と限界,history,H23,A
H23-107,護憲運動,history,H23,S
H23-108,民本主義,history,H23,S
H23-109,大衆文化,history,H23,S
H23-110,青鞜,history,H23,S
H23-111,新婦人協会,history,H23,S
H23-112,労働争議,history,H23,S
H24-01,世界恐慌,history,H24,S
H24-02,ニューディール政策,history,H24,S
H24-03,ブロック経済,history,H24,S
H24-04,ファシズム,history,H24,S
H24-05,ヒトラーとナチス,history,H24,S
H24-06,ホロコースト,history,H24,S
H24-07,満州事変,history,H24,S
H24-08,柳条湖事件,history,H24,S
H24-09,満州国,history,H24,S
H24-10,日本の国際連盟脱退,history,H24,S
H24-11,五・一五事件,history,H24,S
H24-12,二・二六事件,history,H24,S
H24-13,日中戦争,history,H24,S
H24-14,南京事件,history,H24,S
H24-15,国家総動員法,history,H24,S
H24-16,第二次世界大戦,history,H24,S
H24-17,日独伊三国同盟,history,H24,S
H24-18,太平洋戦争,history,H24,S
H24-19,東京大空襲,history,H24,S
H24-20,沖縄戦,history,H24,S
H24-21,広島・長崎への原爆投下,history,H24,S
H24-22,ポツダム宣言,history,H24,S
H24-23,1945年の終戦の日付の区別,history,H24,A
H24-24,戦時下の暮らし,history,H24,A
H24-101,ムッソリーニ,history,H24,S
H24-102,反ユダヤ主義,history,H24,S
H24-103,リットン調査団,history,H24,S
H24-104,暴力による政治への圧力,history,H24,A
H24-105,大政翼賛会,history,H24,S
H24-106,隣組,history,H24,S
H24-107,配給制,history,H24,S
H24-108,勤労動員,history,H24,S
H24-109,学童疎開,history,H24,S
H24-110,検閲,history,H24,S
H24-111,枢軸国と連合国,history,H24,S
H24-112,戦争終結と被害の継続,history,H24,A
H25-01,GHQ,history,H25,S
H25-02,マッカーサー,history,H25,S
H25-03,非軍事化,history,H25,S
H25-04,戦後の民主化,history,H25,S
H25-05,女性の選挙権の実現,history,H25,S
H25-06,農地改革,history,H25,S
H25-07,自作農,history,H25,S
H25-08,小作農,history,H25,S
H25-09,財閥解体,history,H25,S
H25-10,戦後の労働改革,history,H25,A
H25-11,教育基本法（1947年）,history,H25,S
H25-12,六・三制,history,H25,S
H25-13,日本国憲法の公布と施行,history,H25,S
H25-14,戦前と戦後の主権の変化,history,H25,A
H25-15,極東国際軍事裁判,history,H25,S
H25-16,サンフランシスコ平和条約,history,H25,S
H25-17,日米安全保障条約,history,H25,S
H25-18,占領の終わりと沖縄の違い,history,H25,A
H25-101,復員,history,H25,S
H25-102,引揚げ,history,H25,S
H25-103,間接統治,history,H25,S
H25-104,公職追放,history,H25,S
H25-105,傾斜生産方式,history,H25,S
H25-106,ドッジ・ライン,history,H25,S
H25-107,1ドル360円の固定相場,history,H25,A
H25-108,吉田茂,history,H25,S
H25-109,家制度の廃止,history,H25,S
H25-110,男女共学,history,H25,S
H25-111,政治の民主化と経済の民主化,history,H25,A
H25-112,講和と国交正常化の範囲,history,H25,A
H26-01,冷戦,history,H26,S
H26-02,朝鮮戦争,history,H26,S
H26-03,ベトナム戦争,history,H26,S
H26-04,アジア・アフリカ会議,history,H26,S
H26-05,国際連合の成立,history,H26,A
H26-06,特需,history,H26,S
H26-07,自衛隊,history,H26,S
H26-08,55年体制,history,H26,S
H26-09,日ソ共同宣言,history,H26,S
H26-10,安保闘争,history,H26,S
H26-11,日韓基本条約,history,H26,S
H26-12,日中共同声明,history,H26,S
H26-13,日中平和友好条約,history,H26,S
H26-14,高度経済成長,history,H26,S
H26-15,三種の神器（戦後の家電）,history,H26,S
H26-16,1964年の東京と交通,history,H26,S
H26-17,四大公害病,history,H26,S
H26-18,水俣病・新潟水俣病,history,H26,S
H26-19,イタイイタイ病,history,H26,S
H26-20,四日市ぜんそく,history,H26,S
H26-21,石油危機,history,H26,S
H26-22,高度成長を評価する複数の観点,history,H26,A
H26-101,北大西洋条約機構（NATO）,history,H26,S
H26-102,ワルシャワ条約機構,history,H26,S
H26-103,中華人民共和国,history,H26,S
H26-104,毛沢東,history,H26,S
H26-105,非同盟の動き,history,H26,S
H26-106,休戦と平和条約,history,H26,S
H26-107,キューバ危機,history,H26,S
H26-108,国民所得倍増計画,history,H26,S
H26-109,エネルギー革命,history,H26,S
H26-110,公害対策基本法,history,H26,S
H26-111,環境庁,history,H26,S
H26-112,沖縄返還,history,H26,S
H27-01,ベルリンの壁の開放,history,H27,S
H27-02,マルタ会談,history,H27,S
H27-03,ソ連の解体,history,H27,S
H27-04,EU発足の歴史,history,H27,A
H27-05,プラザ合意,history,H27,S
H27-06,バブル経済,history,H27,S
H27-07,不良債権,history,H27,S
H27-08,2008年の世界金融危機,history,H27,S
H27-09,1993年の政権交代,history,H27,A
H27-10,阪神・淡路大震災,history,H27,S
H27-11,ボランティア,history,H27,S
H27-12,経済危機が国境を越える仕組み,history,H27,A
H27-13,資産価格と生産の違い,history,H27,A
H27-14,SDGsが採択された年,history,H27,A
H27-15,歴史上の出来事を現在と比較する方法,history,H27,A
H27-16,歴史の長期変化を整理する軸,history,H27,A
H27-101,ゴルバチョフ,history,H27,S
H27-102,ペレストロイカ,history,H27,S
H27-103,ベルリンの壁,history,H27,S
H27-104,ドイツ統一,history,H27,S
H27-105,湾岸戦争,history,H27,S
H27-106,貿易摩擦,history,H27,S
H27-107,円高不況,history,H27,S
H27-108,企業の海外生産と国内地域,history,H27,A
H27-109,担保,history,H27,S
H27-110,不良債権と貸出しの関係,history,H27,A
H27-111,市民活動と支援の調整,history,H27,A
H27-112,技術の普及と利用機会,history,H27,A
C01-01,情報化,civics,C01,S
C01-02,メディア,civics,C01,S
C01-03,メディアリテラシー,civics,C01,S
C01-04,事実と意見の区別,civics,C01,S
C01-05,個人情報,civics,C01,S
C01-06,著作権,civics,C01,S
C01-07,情報の発信元を確かめる方法,civics,C01,A
C01-08,自動推薦と情報の偏り,civics,C01,A
C01-09,文化,civics,C01,S
C01-10,伝統文化,civics,C01,S
C01-11,多様性,civics,C01,S
C01-12,現代社会の変化を結び付ける方法,civics,C01,A
C01-101,デジタル化,civics,C01,S
C01-102,一次情報,civics,C01,S
C01-103,二次情報,civics,C01,S
C01-104,発信日時と出来事の日時,civics,C01,A
C01-105,アルゴリズム,civics,C01,S
C01-106,フィルターバブル,civics,C01,S
C01-107,エコーチェンバー,civics,C01,S
C01-108,確証バイアス,civics,C01,S
C01-109,広告と報道の目的,civics,C01,A
C01-110,写真に写る範囲と文脈,civics,C01,A
C01-111,誤情報の訂正,civics,C01,A
C01-112,情報公開と利用可能性,civics,C01,A
C02-01,希少性,civics,C02,S
C02-02,対立,civics,C02,S
C02-03,合意形成,civics,C02,S
C02-04,効率,civics,C02,S
C02-05,公正,civics,C02,S
C02-06,トレードオフ,civics,C02,A
C02-07,機会費用,civics,C02,A
C02-08,多数決,civics,C02,S
C02-09,少数意見の尊重,civics,C02,S
C02-10,ルール,civics,C02,S
C02-11,形式的な平等と実質的な参加,civics,C02,A
C02-12,ルールを見直す判断,civics,C02,A
C02-101,利害関係者,civics,C02,S
C02-102,目的と手段の区別,civics,C02,A
C02-103,代替案,civics,C02,S
C02-104,初期費用と維持費,civics,C02,S
C02-105,現在と将来の負担,civics,C02,A
C02-106,手続きの公正,civics,C02,S
C02-107,配分の公正,civics,C02,S
C02-108,同量・同機会・必要性の比較,civics,C02,A
C02-109,全員一致,civics,C02,S
C02-110,説明責任,civics,C02,S
C02-111,試行と見直し,civics,C02,A
C02-112,数値化しにくい価値,civics,C02,A
C03-01,憲法,civics,C03,S
C03-02,立憲主義,civics,C03,S
C03-03,最高法規,civics,C03,S
C03-04,日本国憲法,civics,C03,S
C03-05,国民主権,civics,C03,S
C03-06,基本的人権,civics,C03,S
C03-07,平和主義,civics,C03,S
C03-08,憲法第9条,civics,C03,S
C03-09,象徴天皇制,civics,C03,S
C03-10,国事行為,civics,C03,S
C03-11,憲法改正の発議,civics,C03,S
C03-12,憲法改正の国民投票,civics,C03,S
C03-13,公布と施行,civics,C03,S
C03-14,国民の三つの義務,civics,C03,S
C03-15,憲法尊重擁護義務,civics,C03,A
C03-16,権利と義務の関係,civics,C03,A
C03-101,法の支配,civics,C03,S
C03-102,人の支配,civics,C03,S
C03-103,法令の上下関係,civics,C03,A
C03-104,憲法前文,civics,C03,S
C03-105,代表者の権限と憲法,civics,C03,A
C03-106,政治的な判断と国事行為,civics,C03,A
C03-107,硬性憲法,civics,C03,S
C03-108,発議と承認,civics,C03,A
C03-109,両議院それぞれの賛成,civics,C03,A
C03-110,過半数,civics,C03,S
C03-111,教育の権利と保護者の義務,civics,C03,A
C03-112,義務の条件と人権保障,civics,C03,A
C04-01,個人の尊重,civics,C04,S
C04-02,法の下の平等,civics,C04,S
C04-03,自由権,civics,C04,S
C04-04,思想・良心の自由,civics,C04,S
C04-05,信教の自由,civics,C04,S
C04-06,表現の自由,civics,C04,S
C04-07,身体の自由,civics,C04,S
C04-08,経済活動の自由,civics,C04,S
C04-09,社会権,civics,C04,S
C04-10,生存権,civics,C04,S
C04-11,教育を受ける権利,civics,C04,S
C04-12,参政権,civics,C04,S
C04-13,請求権,civics,C04,S
C04-14,プライバシーの権利,civics,C04,S
C04-15,知る権利,civics,C04,S
C04-16,環境権,civics,C04,S
C04-17,公共の福祉,civics,C04,S
C04-18,合理的配慮,civics,C04,S
C04-101,男女平等,civics,C04,S
C04-102,政教分離,civics,C04,S
C04-103,職業選択の自由,civics,C04,S
C04-104,財産権,civics,C04,S
C04-105,適正手続,civics,C04,S
C04-106,国家賠償請求権,civics,C04,S
C04-107,刑事補償請求権,civics,C04,S
C04-108,肖像権,civics,C04,S
C04-109,自己決定権,civics,C04,S
C04-110,権利制限の必要性と程度,civics,C04,A
C04-111,撮影者と被写体の権利,civics,C04,A
C04-112,権利救済と相談の仕組み,civics,C04,A
C05-01,民主政治,civics,C05,S
C05-02,直接民主制,civics,C05,S
C05-03,間接民主制,civics,C05,S
C05-04,普通選挙,civics,C05,S
C05-05,秘密選挙,civics,C05,S
C05-06,平等選挙,civics,C05,S
C05-07,選挙権と被選挙権,civics,C05,S
C05-08,小選挙区制,civics,C05,S
C05-09,比例代表制,civics,C05,S
C05-10,小選挙区比例代表並立制,civics,C05,S
C05-11,一票の格差,civics,C05,S
C05-12,政党,civics,C05,S
C05-13,与党と野党,civics,C05,S
C05-14,連立政権,civics,C05,S
C05-15,世論,civics,C05,S
C05-16,死票,civics,C05,A
C05-101,得票率と議席率,civics,C05,S
C05-102,選挙区,civics,C05,S
C05-103,議員定数,civics,C05,S
C05-104,投票率,civics,C05,S
C05-105,選挙人名簿,civics,C05,S
C05-106,期日前投票,civics,C05,S
C05-107,公約,civics,C05,S
C05-108,マニフェスト,civics,C05,S
C05-109,世論調査,civics,C05,S
C05-110,投票者と全有権者の違い,civics,C05,A
C05-111,議会の多数派と少数派,civics,C05,A
C05-112,浮動票,civics,C05,S
C06-01,国会,civics,C06,S
C06-02,二院制,civics,C06,S
C06-03,衆議院,civics,C06,S
C06-04,参議院,civics,C06,S
C06-05,常会・臨時会・特別会,civics,C06,S
C06-06,委員会,civics,C06,S
C06-07,本会議,civics,C06,S
C06-08,法律案の成立,civics,C06,S
C06-09,法律案の再可決,civics,C06,S
C06-10,衆議院の優越,civics,C06,S
C06-11,予算の議決,civics,C06,S
C06-12,条約の承認,civics,C06,S
C06-13,内閣総理大臣の指名,civics,C06,S
C06-14,国政調査権,civics,C06,S
C06-15,内閣不信任決議,civics,C06,S
C06-16,弾劾裁判所,civics,C06,S
C06-17,公聴会,civics,C06,S
C06-18,法律案と予算の手続きの違い,civics,C06,A
C06-101,定足数,civics,C06,S
C06-102,通常の議決と特別多数,civics,C06,A
C06-103,議員立法,civics,C06,S
C06-104,内閣提出法案,civics,C06,S
C06-105,議長,civics,C06,S
C06-106,会期,civics,C06,S
C06-107,議事録,civics,C06,S
C06-108,両院協議会,civics,C06,S
C06-109,予算の先議権,civics,C06,S
C06-110,優越の対象ごとの手続き,civics,C06,A
C06-111,参議院の緊急集会,civics,C06,S
C06-112,予算と法律の違い,civics,C06,A
C07-01,行政,civics,C07,S
C07-02,内閣,civics,C07,S
C07-03,内閣総理大臣,civics,C07,S
C07-04,国務大臣,civics,C07,S
C07-05,文民,civics,C07,S
C07-06,議院内閣制,civics,C07,S
C07-07,内閣の総辞職,civics,C07,S
C07-08,衆議院の解散,civics,C07,S
C07-09,閣議,civics,C07,S
C07-10,政令,civics,C07,S
C07-11,公務員,civics,C07,S
C07-12,官僚,civics,C07,S
C07-13,情報公開制度,civics,C07,S
C07-14,規制緩和,civics,C07,A
C07-15,会計検査院,civics,C07,S
C07-16,内閣と国会の仕事の分担,civics,C07,A
C07-101,政策の立案と執行,civics,C07,S
C07-102,省庁,civics,C07,S
C07-103,縦割り行政,civics,C07,S
C07-104,省令,civics,C07,S
C07-105,委任立法,civics,C07,S
C07-106,許認可,civics,C07,S
C07-107,行政指導,civics,C07,S
C07-108,行政の裁量,civics,C07,S
C07-109,行政不服申立て,civics,C07,S
C07-110,政策評価,civics,C07,S
C07-111,大統領制,civics,C07,S
C07-112,内閣の連帯責任と信任,civics,C07,A
C08-01,司法,civics,C08,S
C08-02,民事裁判,civics,C08,S
C08-03,刑事裁判,civics,C08,S
C08-04,原告と被告,civics,C08,S
C08-05,被疑者と被告人,civics,C08,S
C08-06,検察官,civics,C08,S
C08-07,弁護人,civics,C08,S
C08-08,無罪推定,civics,C08,S
C08-09,令状,civics,C08,S
C08-10,司法権の独立,civics,C08,S
C08-11,三審制,civics,C08,S
C08-12,控訴と上告,civics,C08,S
C08-13,最高裁判所,civics,C08,S
C08-14,裁判員制度,civics,C08,S
C08-15,三権分立,civics,C08,S
C08-16,違憲審査権,civics,C08,S
C08-17,最高裁判所裁判官の国民審査,civics,C08,S
C08-18,三権分立と人権の関係,civics,C08,A
C08-101,高等裁判所,civics,C08,S
C08-102,地方裁判所,civics,C08,S
C08-103,家庭裁判所,civics,C08,S
C08-104,簡易裁判所,civics,C08,S
C08-105,訴訟代理人,civics,C08,S
C08-106,和解,civics,C08,S
C08-107,調停,civics,C08,S
C08-108,立証責任,civics,C08,S
C08-109,審理と判決,civics,C08,S
C08-110,再審,civics,C08,S
C08-111,検察審査会,civics,C08,S
C08-112,行政事件訴訟,civics,C08,S
C09-01,地方自治,civics,C09,S
C09-02,地方公共団体,civics,C09,S
C09-03,住民自治,civics,C09,S
C09-04,団体自治,civics,C09,S
C09-05,条例,civics,C09,S
C09-06,首長,civics,C09,S
C09-07,二元代表制,civics,C09,S
C09-08,地方議会,civics,C09,S
C09-09,直接請求権,civics,C09,S
C09-10,リコール,civics,C09,S
C09-11,地方税,civics,C09,S
C09-12,地方交付税交付金,civics,C09,S
C09-13,国庫支出金,civics,C09,S
C09-14,地方債,civics,C09,S
C09-15,地方分権,civics,C09,S
C09-16,施設の費用を考える方法,civics,C09,A
C09-17,条例の制定・改廃の直接請求,civics,C09,S
C09-18,事務の監査請求,civics,C09,S
C09-19,解散・解職請求の署名と請求先,civics,C09,S
C09-101,条例と規則,civics,C09,S
C09-102,再議,civics,C09,S
C09-103,住民投票,civics,C09,S
C09-104,パブリックコメント,civics,C09,S
C09-105,陳情,civics,C09,S
C09-106,住民監査請求,civics,C09,S
C09-107,住民訴訟,civics,C09,S
C09-108,事務監査と住民監査の違い,civics,C09,A
C09-109,自主財源,civics,C09,S
C09-110,使用料,civics,C09,S
C09-111,広域連携,civics,C09,S
C09-112,自治体の財政比較の条件,civics,C09,A
C10-01,家計,civics,C10,S
C10-02,可処分所得,civics,C10,S
C10-03,消費と貯蓄,civics,C10,S
C10-04,契約,civics,C10,S
C10-05,売買契約,civics,C10,S
C10-06,クレジットカード,civics,C10,S
C10-07,元金と利息,civics,C10,S
C10-08,成年年齢,civics,C10,S
C10-09,未成年者取消権,civics,C10,S
C10-10,消費者契約法,civics,C10,S
C10-11,製造物責任法,civics,C10,S
C10-12,クーリング・オフ,civics,C10,S
C10-13,消費者ホットライン188,civics,C10,S
C10-14,消費者主権,civics,C10,S
C10-15,エシカル消費,civics,C10,S
C10-16,総支払額を確認する理由,civics,C10,A
C10-101,プリペイド方式,civics,C10,S
C10-102,デビットカード,civics,C10,S
C10-103,契約成立と履行の時点,civics,C10,A
C10-104,定期購入,civics,C10,S
C10-105,サブスクリプション,civics,C10,S
C10-106,リボルビング払い,civics,C10,S
C10-107,返品特約,civics,C10,S
C10-108,返品とクーリング・オフの違い,civics,C10,A
C10-109,無効・取消し・解除の区別,civics,C10,A
C10-110,保証条件,civics,C10,S
C10-111,製品のリコール,civics,C10,S
C10-112,購入価格と使用期間の費用,civics,C10,A
C11-01,市場,civics,C11,S
C11-02,需要量,civics,C11,S
C11-03,供給量,civics,C11,S
C11-04,均衡価格,civics,C11,S
C11-05,売れ残りと価格の調整,civics,C11,A
C11-06,品不足と価格の調整,civics,C11,A
C11-07,競争,civics,C11,S
C11-08,独占,civics,C11,S
C11-09,寡占,civics,C11,S
C11-10,カルテル,civics,C11,S
C11-11,独占禁止法,civics,C11,S
C11-12,公正取引委員会,civics,C11,S
C11-13,情報の非対称性,civics,C11,A
C11-14,外部効果,civics,C11,S
C11-15,市場の失敗,civics,C11,S
C11-16,需要の変化を読む注意点,civics,C11,A
C11-17,経済の三主体,civics,C11,S
C11-18,国内総生産（GDP）,civics,C11,S
C11-19,付加価値,civics,C11,S
C11-20,名目GDPと実質GDP,civics,C11,A
C11-101,需要曲線,civics,C11,S
C11-102,供給曲線,civics,C11,S
C11-103,曲線上の移動とシフト,civics,C11,A
C11-104,価格競争,civics,C11,S
C11-105,非価格競争,civics,C11,S
C11-106,入札,civics,C11,S
C11-107,入札談合,civics,C11,S
C11-108,正の外部効果,civics,C11,S
C11-109,個人の費用と社会の費用,civics,C11,A
C11-110,中間財と最終財,civics,C11,S
C11-111,売上の合計と付加価値の合計,civics,C11,A
C11-112,一人当たりGDP,civics,C11,S
C12-01,企業,civics,C12,S
C12-02,売上と利益,civics,C12,S
C12-03,株式会社,civics,C12,S
C12-04,株式,civics,C12,S
C12-05,株主,civics,C12,S
C12-06,有限責任,civics,C12,S
C12-07,配当,civics,C12,S
C12-08,企業の社会的責任（CSR）,civics,C12,S
C12-09,技術革新,civics,C12,S
C12-10,労働基準法,civics,C12,S
C12-11,労働三権,civics,C12,S
C12-12,団結権,civics,C12,S
C12-13,団体交渉権,civics,C12,S
C12-14,団体行動権,civics,C12,S
C12-15,労働三法,civics,C12,S
C12-16,最低賃金,civics,C12,S
C12-17,雇用形態と労働者の権利,civics,C12,A
C12-18,ワーク・ライフ・バランス,civics,C12,S
C12-101,固定費,civics,C12,S
C12-102,変動費,civics,C12,S
C12-103,損益分岐点,civics,C12,S
C12-104,法人,civics,C12,S
C12-105,株主総会,civics,C12,S
C12-106,労働契約,civics,C12,S
C12-107,就業規則,civics,C12,S
C12-108,労働協約,civics,C12,S
C12-109,36協定,civics,C12,S
C12-110,労働基準監督署,civics,C12,S
C12-111,労働災害,civics,C12,S
C12-112,職業訓練,civics,C12,S
C13-01,貨幣,civics,C13,S
C13-02,金融,civics,C13,S
C13-03,間接金融,civics,C13,S
C13-04,直接金融,civics,C13,S
C13-05,債券,civics,C13,S
C13-06,銀行の主な仕事,civics,C13,S
C13-07,金利,civics,C13,S
C13-08,日本銀行,civics,C13,S
C13-09,発券銀行,civics,C13,S
C13-10,銀行の銀行・政府の銀行,civics,C13,S
C13-11,金融政策,civics,C13,S
C13-12,金融緩和,civics,C13,S
C13-13,金融引締め,civics,C13,S
C13-14,インフレーション,civics,C13,S
C13-15,デフレーション,civics,C13,S
C13-16,景気と物価を読む注意点,civics,C13,A
C13-17,公開市場操作,civics,C13,S
C13-101,決済,civics,C13,S
C13-102,預金通貨,civics,C13,S
C13-103,信用創造,civics,C13,S
C13-104,単利と複利,civics,C13,S
C13-105,年率と月率,civics,C13,A
C13-106,名目金利と実質金利,civics,C13,S
C13-107,消費者物価指数,civics,C13,S
C13-108,基準年と指数,civics,C13,S
C13-109,物価水準と物価上昇率,civics,C13,A
C13-110,金融政策の時間差,civics,C13,A
C13-111,金利と投資需要,civics,C13,A
C13-112,収益率・期間・リスクの比較,civics,C13,A
C14-01,財政,civics,C14,S
C14-02,歳入と歳出,civics,C14,S
C14-03,公共サービス,civics,C14,S
C14-04,公共財,civics,C14,S
C14-05,所得再分配,civics,C14,S
C14-06,国税と地方税,civics,C14,S
C14-07,直接税,civics,C14,S
C14-08,間接税,civics,C14,S
C14-09,所得税,civics,C14,S
C14-10,法人税,civics,C14,S
C14-11,累進課税,civics,C14,S
C14-12,税の逆進性,civics,C14,S
C14-13,国債,civics,C14,S
C14-14,国債費,civics,C14,S
C14-15,財政政策,civics,C14,S
C14-16,予算の評価の観点,civics,C14,A
C14-101,一般会計と特別会計,civics,C14,S
C14-102,補正予算,civics,C14,S
C14-103,決算,civics,C14,S
C14-104,社会保障関係費,civics,C14,S
C14-105,租税法律主義,civics,C14,S
C14-106,応能負担,civics,C14,S
C14-107,応益負担,civics,C14,S
C14-108,所得控除と税額控除,civics,C14,S
C14-109,課税所得,civics,C14,S
C14-110,国債残高,civics,C14,S
C14-111,基礎的財政収支,civics,C14,S
C14-112,景気の自動安定化,civics,C14,S
C15-01,社会保障,civics,C15,S
C15-02,社会保険,civics,C15,S
C15-03,公的扶助,civics,C15,S
C15-04,生活保護,civics,C15,S
C15-05,社会福祉,civics,C15,S
C15-06,公衆衛生,civics,C15,S
C15-07,医療保険,civics,C15,S
C15-08,公的年金,civics,C15,S
C15-09,賦課方式,civics,C15,A
C15-10,介護保険,civics,C15,S
C15-11,雇用保険,civics,C15,S
C15-12,バリアフリー,civics,C15,S
C15-13,ユニバーサルデザイン,civics,C15,S
C15-14,少子高齢化と社会保障の課題,civics,C15,A
C15-15,育児・介護支援と就業の関係,civics,C15,A
C15-16,社会保障を評価する三つの問い,civics,C15,A
C15-101,国民皆保険,civics,C15,S
C15-102,国民皆年金,civics,C15,S
C15-103,現金給付,civics,C15,S
C15-104,現物給付,civics,C15,S
C15-105,窓口負担と医療費全体,civics,C15,A
C15-106,所得保障,civics,C15,S
C15-107,サービスの財源と提供体制,civics,C15,A
C15-108,予防と治療,civics,C15,S
C15-109,障害の社会モデル,civics,C15,S
C15-110,社会的障壁,civics,C15,S
C15-111,世代間と世代内の公正,civics,C15,A
C15-112,ノーマライゼーション,civics,C15,S
C16-01,外国為替,civics,C16,S
C16-02,為替相場,civics,C16,S
C16-03,円高,civics,C16,S
C16-04,円安,civics,C16,S
C16-05,円高と輸入価格,civics,C16,A
C16-06,円高と輸出企業の収入,civics,C16,A
C16-07,関税,civics,C16,S
C16-08,自由貿易,civics,C16,S
C16-09,保護貿易,civics,C16,S
C16-10,WTO（世界貿易機関）,civics,C16,S
C16-11,FTA（自由貿易協定）,civics,C16,S
C16-12,EPA（経済連携協定）,civics,C16,S
C16-13,比較優位,civics,C16,A
C16-14,国際分業のリスクへの備え,civics,C16,A
C16-101,絶対優位,civics,C16,S
C16-102,比較優位を機会費用で求める方法,civics,C16,A
C16-103,産業内貿易,civics,C16,S
C16-104,水平分業と垂直分業,civics,C16,S
C16-105,サービス貿易,civics,C16,S
C16-106,経常収支,civics,C16,S
C16-107,第一次所得収支,civics,C16,S
C16-108,固定相場制と変動相場制,civics,C16,S
C16-109,外貨建て価格,civics,C16,S
C16-110,輸入費用と価格転嫁,civics,C16,A
C16-111,非関税障壁,civics,C16,S
C16-112,安定供給と調達費用の比較,civics,C16,A
C17-01,主権国家,civics,C17,S
C17-02,国際法,civics,C17,S
C17-03,条約,civics,C17,S
C17-04,外交,civics,C17,S
C17-05,国際連合,civics,C17,S
C17-06,国連総会,civics,C17,S
C17-07,安全保障理事会,civics,C17,S
C17-08,常任理事国,civics,C17,S
C17-09,拒否権,civics,C17,S
C17-10,国際司法裁判所,civics,C17,S
C17-11,PKO（国連平和維持活動）,civics,C17,S
C17-12,UNICEF（国連児童基金）,civics,C17,S
C17-13,UNESCO（国連教育科学文化機関）,civics,C17,S
C17-14,WHO（世界保健機関）,civics,C17,S
C17-15,難民,civics,C17,S
C17-16,UNHCR（国連難民高等弁務官事務所）,civics,C17,S
C17-17,軍縮,civics,C17,S
C17-18,人間の安全保障,civics,C17,S
C17-19,非核三原則,civics,C17,S
C17-20,核兵器不拡散条約（NPT）,civics,C17,S
C17-101,国際慣習法,civics,C17,S
C17-102,国際刑事裁判所（ICC）,civics,C17,S
C17-103,国家間の紛争と個人の犯罪,civics,C17,A
C17-104,国連事務局,civics,C17,S
C17-105,国連分担金,civics,C17,S
C17-106,専門機関と基金の違い,civics,C17,A
C17-107,拒否権と棄権の区別,civics,C17,A
C17-108,国内避難民,civics,C17,S
C17-109,無国籍者,civics,C17,S
C17-110,人道支援,civics,C17,S
C17-111,紛争予防,civics,C17,S
C17-112,平和構築,civics,C17,S
C18-01,持続可能な開発,civics,C18,S
C18-02,SDGs（持続可能な開発目標）,civics,C18,S
C18-03,温室効果ガス,civics,C18,S
C18-04,地球温暖化,civics,C18,S
C18-05,パリ協定,civics,C18,S
C18-06,緩和策,civics,C18,S
C18-07,適応策,civics,C18,S
C18-08,循環型社会,civics,C18,S
C18-09,3R,civics,C18,S
C18-10,リデュース,civics,C18,S
C18-11,リユース,civics,C18,S
C18-12,リサイクル,civics,C18,S
C18-13,ODA（政府開発援助）,civics,C18,S
C18-14,NGO（非政府組織）,civics,C18,S
C18-15,NPO（非営利組織）,civics,C18,S
C18-16,政策提案をまとめる三つの段階,civics,C18,A
C18-101,カーボンニュートラル,civics,C18,S
C18-102,排出原単位,civics,C18,S
C18-103,ライフサイクル評価,civics,C18,S
C18-104,食品ロス,civics,C18,S
C18-105,拡大生産者責任,civics,C18,S
C18-106,生態系サービス,civics,C18,S
C18-107,公正な移行,civics,C18,S
C18-108,相乗効果,civics,C18,S
C18-109,環境目標間のトレードオフ,civics,C18,A
C18-110,技術協力,civics,C18,S
C18-111,成果指標,civics,C18,S
C18-112,支援後の維持と現地の意思,civics,C18,A
P01,北海道,atlas,P01,S
P02,青森県,atlas,P02,S
P03,岩手県,atlas,P03,S
P04,宮城県,atlas,P04,S
P05,秋田県,atlas,P05,S
P06,山形県,atlas,P06,S
P07,福島県,atlas,P07,S
P08,茨城県,atlas,P08,S
P09,栃木県,atlas,P09,S
P10,群馬県,atlas,P10,S
P11,埼玉県,atlas,P11,S
P12,千葉県,atlas,P12,S
P13,東京都,atlas,P13,S
P14,神奈川県,atlas,P14,S
P15,新潟県,atlas,P15,S
P16,富山県,atlas,P16,S
P17,石川県,atlas,P17,S
P18,福井県,atlas,P18,S
P19,山梨県,atlas,P19,S
P20,長野県,atlas,P20,S
P21,岐阜県,atlas,P21,S
P22,静岡県,atlas,P22,S
P23,愛知県,atlas,P23,S
P24,三重県,atlas,P24,S
P25,滋賀県,atlas,P25,S
P26,京都府,atlas,P26,S
P27,大阪府,atlas,P27,S
P28,兵庫県,atlas,P28,S
P29,奈良県,atlas,P29,S
P30,和歌山県,atlas,P30,S
P31,鳥取県,atlas,P31,S
P32,島根県,atlas,P32,S
P33,岡山県,atlas,P33,S
P34,広島県,atlas,P34,S
P35,山口県,atlas,P35,S
P36,徳島県,atlas,P36,S
P37,香川県,atlas,P37,S
P38,愛媛県,atlas,P38,S
P39,高知県,atlas,P39,S
P40,福岡県,atlas,P40,S
P41,佐賀県,atlas,P41,S
P42,長崎県,atlas,P42,S
P43,熊本県,atlas,P43,S
P44,大分県,atlas,P44,S
P45,宮崎県,atlas,P45,S
P46,鹿児島県,atlas,P46,S
P47,沖縄県,atlas,P47,S
