Domain,Stage,Unit,Cards,A,B,C,用語,因果,比較,計算,実験,読図,誤解対策
"物理","小3","測定","2","2","0","0","0","0","0","0","1","0","1"
"物理","小3","光","4","3","1","0","1","3","0","0","0","0","0"
"物理","小3","音","1","1","0","0","1","0","0","0","0","0","0"
"物理","小3","電気","2","2","0","0","1","0","1","0","0","0","0"
"物理","小3","磁石","4","2","2","0","3","0","0","0","0","0","1"
"物理","小3","物と重さ","1","1","0","0","0","0","1","0","0","0","0"
"物理","小3","風とゴム","2","2","0","0","0","0","0","0","2","0","0"
"生物","小3","観察器具","1","1","0","0","0","0","0","0","1","0","0"
"生物","小3","植物の一生","1","0","1","0","1","0","0","0","0","0","0"
"生物","小3","昆虫","2","2","0","0","0","0","2","0","0","0","0"
"地学","小3","太陽の観察","2","2","0","0","0","0","0","0","1","1","0"
"地学","小3","太陽と地面","1","1","0","0","0","0","0","0","1","0","0"
"物理","小4","電気","6","5","1","0","2","2","1","0","0","0","1"
"物理","小4","熱","3","2","1","0","1","2","0","0","0","0","0"
"物理","小4","空気と水","3","3","0","0","0","0","1","0","2","0","0"
"化学","小4","物質の状態","4","4","0","0","1","1","1","0","0","0","1"
"生物","小4","季節と生物","1","0","1","0","0","1","0","0","0","0","0"
"生物","小4","人体","1","1","0","0","0","1","0","0","0","0","0"
"地学","小4","気象観察","2","1","1","0","1","0","0","0","1","0","0"
"地学","小4","水の循環","1","1","0","0","0","1","0","0","0","0","0"
"地学","小4","月","1","1","0","0","0","0","1","0","0","0","0"
"地学","小4","星","2","2","0","0","0","0","1","0","0","1","0"
"地学","小4","雨水の行方","2","2","0","0","0","1","0","0","1","0","0"
"物理","小5","測定","1","1","0","0","1","0","0","0","0","0","0"
"物理","小5","磁石","2","2","0","0","1","1","0","0","0","0","0"
"物理","小5","振り子の運動","4","4","0","0","1","1","0","1","0","0","1"
"化学","小5","水溶液","5","5","0","0","1","0","0","1","1","0","2"
"生物","小5","種子の発芽","2","2","0","0","1","0","0","0","1","0","0"
"生物","小5","種子のつくり","2","2","0","0","1","1","0","0","0","0","0"
"生物","小5","植物の成長","1","1","0","0","0","1","0","0","0","0","0"
"生物","小5","花と実","3","3","0","0","2","1","0","0","0","0","0"
"生物","小5","動物の成長","2","1","1","0","1","1","0","0","0","0","0"
"地学","小5","気象観察","2","1","1","0","1","0","0","1","0","0","0"
"地学","小5","風","1","1","0","0","1","0","0","0","0","0","0"
"地学","小5","天気変化","1","0","1","0","0","1","0","0","0","0","0"
"地学","小5","台風","1","0","1","0","1","0","0","0","0","0","0"
"地学","小5","流水のはたらき","3","3","0","0","1","0","1","0","0","1","0"
"物理","小6","エネルギー","1","1","0","0","1","0","0","0","0","0","0"
"物理","小6","力","3","3","0","0","1","1","0","1","0","0","0"
"物理","小6","電気の利用","3","3","0","0","1","1","1","0","0","0","0"
"化学","小6","気体","3","3","0","0","3","0","0","0","0","0","0"
"化学","小6","燃焼","4","4","0","0","1","3","0","0","0","0","0"
"化学","小6","水溶液の性質","2","2","0","0","0","0","1","0","1","0","0"
"生物","小6","根のはたらき","1","1","0","0","1","0","0","0","0","0","0"
"生物","小6","茎のはたらき","1","1","0","0","1","0","0","0","0","0","0"
"生物","小6","葉のはたらき","1","1","0","0","1","0","0","0","0","0","0"
"生物","小6","光合成","3","3","0","0","1","0","0","0","2","0","0"
"生物","小6","蒸散","2","1","1","0","1","0","0","0","1","0","0"
"生物","小6","生態系","1","1","0","0","0","1","0","0","0","0","0"
"生物","小6","人体","4","4","0","0","3","0","1","0","0","0","0"
"地学","小6","月","1","1","0","0","0","1","0","0","0","0","0"
"地学","小6","土地のつくり","3","3","0","0","2","0","0","0","0","1","0"
"地学","小6","土地の変化","2","0","2","0","0","2","0","0","0","0","0"
"探究","中1","科学的探究","4","2","2","0","2","2","0","0","0","0","0"
"探究","中1","表とグラフ","4","4","0","0","0","0","0","0","0","2","2"
"探究","中1","比例・割合・単位","5","4","1","0","0","0","1","4","0","0","0"
"探究","中1","実験器具と安全","3","3","0","0","0","1","0","0","2","0","0"
"探究","中1","資料読解","2","2","0","0","0","0","1","0","0","1","0"
"物理","中1","測定","3","2","1","0","1","0","0","0","2","0","0"
"物理","中1","光","18","11","6","1","7","1","2","1","2","4","1"
"物理","中1","音","9","6","3","0","1","1","1","3","1","1","1"
"物理","中1","力","13","11","2","0","6","0","1","2","1","1","2"
"物理","中1","圧力","8","8","0","0","3","1","1","1","0","0","2"
"物理","中1","物質と力","2","2","0","0","1","0","0","1","0","0","0"
"化学","中1","物質の状態","7","6","1","0","1","0","4","0","0","1","1"
"化学","中1","水溶液","12","10","2","0","3","0","0","5","3","1","0"
"化学","中1","気体","9","8","1","0","2","0","1","0","6","0","0"
"化学","中1","物質の分類","3","3","0","0","1","0","1","0","0","0","1"
"化学","中1","物質の分離","3","3","0","0","0","0","1","0","2","0","0"
"化学","中1","気体の発生","4","3","1","0","0","0","0","0","4","0","0"
"化学","中1","材料","3","0","3","0","0","1","2","0","0","0","0"
"化学","中1","状態変化","1","1","0","0","0","0","1","0","0","0","0"
"生物","中1","生命の共通性","1","1","0","0","1","0","0","0","0","0","0"
"生物","中1","動物の分類","12","12","0","0","6","0","4","0","0","1","1"
"生物","中1","顕微鏡","5","4","1","0","0","0","0","2","2","1","0"
"生物","中1","植物の分類","9","7","2","0","3","0","4","0","0","1","1"
"生物","中1","無脊椎動物","5","4","1","0","2","1","2","0","0","0","0"
"地学","中1","地球内部","1","0","0","1","1","0","0","0","0","0","0"
"地学","中1","プレート","2","2","0","0","1","1","0","0","0","0","0"
"地学","中1","火山","5","4","1","0","1","1","2","0","1","0","0"
"地学","中1","鉱物","4","1","3","0","1","0","3","0","0","0","0"
"地学","中1","火成岩","6","6","0","0","3","1","2","0","0","0","0"
"地学","中1","火山防災","1","0","1","0","0","0","0","0","0","1","0"
"地学","中1","地震","13","12","1","0","3","2","4","2","0","2","0"
"地学","中1","地震防災","2","0","2","0","1","1","0","0","0","0","0"
"地学","中1","堆積","3","1","2","0","1","1","0","0","0","1","0"
"地学","中1","堆積岩","5","4","1","0","3","0","2","0","0","0","0"
"地学","中1","化石","3","3","0","0","2","0","1","0","0","0","0"
"地学","中1","地質時代","3","2","1","0","3","0","0","0","0","0","0"
"地学","中1","地層","2","2","0","0","2","0","0","0","0","0","0"
"地学","中1","地殻変動","3","2","1","0","1","0","1","0","0","1","0"
"地学","中1","地層の読図","5","5","0","0","1","0","0","1","0","3","0"
"地学","中1","土地の変化","1","1","0","0","0","0","1","0","0","0","0"
"地学","中1","地下水","1","0","1","0","1","0","0","0","0","0","0"
"地学","中1","地形","3","0","2","1","3","0","0","0","0","0","0"
"探究","中2","科学的探究","4","3","1","0","1","0","0","0","2","0","1"
"探究","中2","測定と誤差","4","3","1","0","2","0","2","0","0","0","0"
"探究","中2","表とグラフ","5","4","1","0","1","0","0","1","1","2","0"
"探究","中2","比例・割合・単位","2","2","0","0","0","0","0","2","0","0","0"
"探究","中2","実験器具と安全","2","1","1","0","0","1","0","0","1","0","0"
"探究","中2","資料読解","6","6","0","0","0","1","2","0","0","0","3"
"物理","中2","磁界","3","3","0","0","1","0","0","0","0","2","0"
"物理","中2","電気","33","26","7","0","6","3","1","13","2","4","4"
"物理","中2","電流と磁界","6","5","1","0","3","2","0","0","0","1","0"
"化学","中2","燃焼","1","1","0","0","0","0","1","0","0","0","0"
"化学","中2","酸化","2","1","1","0","0","1","0","0","1","0","0"
"化学","中2","物質の分類","1","1","0","0","0","0","1","0","0","0","0"
"化学","中2","粒子","9","6","3","0","3","0","2","0","0","0","4"
"化学","中2","化学変化","28","26","2","0","9","1","1","4","8","2","3"
"化学","中2","元素","2","0","2","0","1","0","0","0","0","1","0"
"化学","中2","化学反応式","4","4","0","0","4","0","0","0","0","0","0"
"化学","中2","元素記号","16","13","3","0","16","0","0","0","0","0","0"
"生物","中2","人体","1","0","1","0","0","1","0","0","0","0","0"
"生物","中2","細胞","8","7","1","0","4","0","4","0","0","0","0"
"生物","中2","顕微鏡","1","0","1","0","0","0","0","0","1","0","0"
"生物","中2","植物の体","7","7","0","0","4","0","1","0","0","2","0"
"生物","中2","光合成と呼吸","6","4","2","0","0","1","0","1","3","0","1"
"生物","中2","蒸散","2","2","0","0","0","0","0","1","1","0","0"
"生物","中2","植物の物質移動","2","1","1","0","0","1","0","0","1","0","0"
"生物","中2","植物の反応","1","0","0","1","1","0","0","0","0","0","0"
"生物","中2","体の階層","1","1","0","0","1","0","0","0","0","0","0"
"生物","中2","消化と吸収","13","10","3","0","9","0","2","0","1","0","1"
"生物","中2","呼吸","5","4","1","0","2","2","0","0","1","0","0"
"生物","中2","血液循環","5","5","0","0","1","0","2","0","0","2","0"
"生物","中2","血液","4","2","2","0","4","0","0","0","0","0","0"
"生物","中2","排出","3","2","1","0","1","1","1","0","0","0","0"
"生物","中2","神経系","4","3","1","0","1","2","1","0","0","0","0"
"生物","中2","感覚器官","2","1","1","0","0","1","0","0","0","1","0"
"生物","中2","運動器官","2","1","1","0","0","1","1","0","0","0","0"
"地学","中2","雲と雨","1","1","0","0","0","0","0","0","0","0","1"
"地学","中2","大気","3","2","1","0","2","0","0","1","0","0","0"
"地学","中2","気象観測","2","0","1","1","1","0","0","0","1","0","0"
"地学","中2","湿度","9","9","0","0","2","0","0","3","2","1","1"
"地学","中2","雲","3","2","0","1","0","2","0","0","1","0","0"
"地学","中2","降水","1","0","1","0","0","1","0","0","0","0","0"
"地学","中2","風","1","1","0","0","0","1","0","0","0","0","0"
"地学","中2","天気図","4","4","0","0","0","0","0","0","0","4","0"
"地学","中2","気団","1","1","0","0","1","0","0","0","0","0","0"
"地学","中2","前線","6","4","2","0","4","0","1","0","0","1","0"
"地学","中2","低気圧","1","1","0","0","0","1","0","0","0","0","0"
"地学","中2","日本の天気","6","4","2","0","0","5","1","0","0","0","0"
"地学","中2","局地風","2","1","1","0","0","1","1","0","0","0","0"
"地学","中2","台風","2","1","1","0","1","0","0","0","0","1","0"
"地学","中2","気象情報","3","2","1","0","0","0","1","0","0","1","1"
"地学","中2","気象災害","2","0","2","0","2","0","0","0","0","0","0"
"地学","中2","気象データ","1","1","0","0","0","0","0","0","0","1","0"
"探究","中3","表とグラフ","1","1","0","0","1","0","0","0","0","0","0"
"探究","中3","資料読解","2","1","1","0","1","0","0","0","0","0","1"
"物理","中3","熱","3","1","2","0","2","1","0","0","0","0","0"
"物理","中3","力","6","3","3","0","1","1","1","2","0","1","0"
"物理","中3","運動","16","13","3","0","3","2","0","3","1","3","4"
"物理","中3","仕事とエネルギー","8","8","0","0","2","1","0","3","0","0","2"
"物理","中3","エネルギー資源","8","6","2","0","0","4","3","1","0","0","0"
"物理","中3","放射線","4","2","2","0","2","0","2","0","0","0","0"
"化学","中3","水溶液の性質","2","2","0","0","2","0","0","0","0","0","0"
"化学","中3","イオン","17","12","5","0","10","1","4","0","1","0","1"
"化学","中3","酸・アルカリ","7","4","2","1","4","1","1","0","1","0","0"
"化学","中3","中和","8","7","1","0","3","0","0","0","1","2","2"
"化学","中3","電気分解","4","3","1","0","2","0","0","0","1","0","1"
"化学","中3","電池","12","9","3","0","6","2","2","0","0","0","2"
"化学","中3","原子の構造","5","4","0","1","3","0","2","0","0","0","0"
"化学","中3","イオン式","15","11","4","0","15","0","0","0","0","0","0"
"生物","中3","生態系","13","9","3","1","6","4","1","0","0","2","0"
"生物","中3","進化","3","1","2","0","1","1","0","0","0","0","1"
"生物","中3","生殖","7","5","2","0","4","1","2","0","0","0","0"
"生物","中3","細胞分裂","4","4","0","0","1","0","0","0","2","1","0"
"生物","中3","成長","1","1","0","0","0","1","0","0","0","0","0"
"生物","中3","遺伝情報","1","1","0","0","0","0","1","0","0","0","0"
"生物","中3","植物の生殖","2","2","0","0","0","1","0","0","0","0","1"
"生物","中3","遺伝","10","7","2","1","4","1","0","3","0","0","2"
"生物","中3","環境調査","2","0","1","1","1","0","0","0","1","0","0"
"生物","中3","環境保全","2","0","1","1","1","1","0","0","0","0","0"
"地学","中3","星","1","0","1","0","0","1","0","0","0","0","0"
"地学","中3","天体観測","2","0","2","0","2","0","0","0","0","0","0"
"地学","中3","日周運動","6","5","1","0","0","1","0","2","0","3","0"
"地学","中3","年周運動","2","1","1","0","0","1","0","1","0","0","0"
"地学","中3","地球の公転","1","1","0","0","1","0","0","0","0","0","0"
"地学","中3","季節","6","6","0","0","1","1","1","1","0","1","1"
"地学","中3","太陽","2","1","1","0","2","0","0","0","0","0","0"
"地学","中3","月","4","4","0","0","0","1","1","0","0","1","1"
"地学","中3","食","3","2","1","0","2","1","0","0","0","0","0"
"地学","中3","太陽系","4","3","1","0","1","0","3","0","0","0","0"
"地学","中3","惑星観察","4","3","1","0","1","1","1","0","0","1","0"
"地学","中3","宇宙","3","1","1","1","2","0","1","0","0","0","0"
"探究","横断","観察の基礎","12","11","1","0","0","4","4","0","3","0","1"
"探究","横断","科学的探究","10","10","0","0","6","1","2","0","1","0","0"
"探究","横断","測定と誤差","8","6","2","0","1","2","0","1","3","0","1"
"探究","横断","表とグラフ","6","5","1","0","1","1","0","0","0","4","0"
"探究","横断","比例・割合・単位","7","7","0","0","1","0","0","6","0","0","0"
"探究","横断","実験器具と安全","9","9","0","0","0","4","0","0","5","0","0"
"探究","横断","領域横断","24","21","3","0","0","18","2","0","0","4","0"
"物理","横断","測定","1","0","1","0","0","0","0","1","0","0","0"
"物理","横断","探究","4","0","4","0","0","0","2","0","0","2","0"
"物理","横断","熱","2","0","1","1","0","1","0","0","0","0","1"
"物理","横断","圧力","1","0","1","0","1","0","0","0","0","0","0"
"化学","横断","物質の分離","1","1","0","0","0","0","1","0","0","0","0"
"化学","横断","実験操作","2","1","1","0","0","0","0","0","2","0","0"
"生物","横断","観察の方法","1","0","1","0","0","0","0","0","1","0","0"
"地学","横断","防災","1","1","0","0","0","0","0","0","0","1","0"
"地学","横断","地球史","1","0","0","1","0","1","0","0","0","0","0"
"地学","横断","科学的モデル","1","0","1","0","0","0","0","0","0","0","1"
