Term,Reading,Occurrences,ExampleCards
"亜鉛","あえん","20","CHE-062 CHE-070 CHE-161 CHE-178 CHE-131 CHE-136 CHE-149 CHE-151"
"維管束","いかんそく","10","BIO-053 BIO-055 BIO-056 BIO-058 BIO-078 BIO-079 BIO-080 BIO-081"
"遺伝","いでん","23","BIO-037 BIO-039 BIO-075 BIO-133 BIO-138 BIO-139 BIO-142 BIO-147"
"陰イオン","いんいおん","14","CHE-101 CHE-102 CHE-103 CHE-106 CHE-108 CHE-117 CHE-118 CHE-127"
"陰極","いんきょく","6","CHE-086 CHE-126 CHE-127 CHE-129 CHE-133"
"運搬","うんぱん","7","EAR-016 EAR-017 EAR-060 EAR-082 BIO-118 BIO-119 INQ-102"
"衛星","えいせい","6","EAR-008 EAR-125 EAR-158 EAR-159"
"延性","えんせい","1","CHE-054"
"横隔膜","おうかくまく","3","BIO-110 BIO-173"
"温暖前線","おんだんぜんせん","7","EAR-108 EAR-110 EAR-112 EAR-113 EAR-114 EAR-171"
"外骨格","がいこっかく","1","BIO-070"
"外挿","がいそう","2","INQ-029 INQ-057"
"化学反応式","かがくはんのうしき","6","CHE-072 CHE-076 CHE-077 CHE-078 CHE-093 CHE-100"
"河岸段丘","かがんだんきゅう","1","EAR-086"
"火山岩","かざんがん","5","EAR-037 EAR-038 EAR-040 EAR-042"
"火成岩","かせいがん","4","EAR-028 EAR-037 EAR-041 EAR-081"
"仮説","かせつ","7","INQ-026 INQ-027 INQ-028 INQ-015"
"下方置換","かほうちかん","1","CHE-035"
"下方置換法","かほうちかんほう","1","CHE-038"
"還元","かんげん","9","CHE-088 CHE-089 CHE-090 CHE-130 CHE-150 CHE-151 CHE-154"
"乾湿計","かんしつけい","1","EAR-098"
"慣性","かんせい","6","PHY-071 PHY-146 PHY-149 PHY-150 PHY-152"
"貫入","かんにゅう","1","EAR-081"
"寒冷前線","かんれいぜんせん","7","EAR-109 EAR-110 EAR-112 EAR-113 EAR-114 EAR-171"
"気孔","きこう","7","BIO-016 BIO-082 BIO-083 BIO-090 BIO-091 INQ-112"
"拮抗","きっこう","1","BIO-131"
"客観性","きゃっかんせい","3","INQ-024 INQ-025 INQ-033"
"吸熱反応","きゅうねつはんのう","1","CHE-092"
"凝灰岩","ぎょうかいがん","2","EAR-061 EAR-063"
"胸腔","きょうくう","2","BIO-110 BIO-173"
"凝結","ぎょうけつ","15","EAR-005 CHE-007 EAR-006 EAR-093 EAR-095 EAR-096 EAR-097 EAR-099"
"凝結核","ぎょうけつかく","2","EAR-099 EAR-101"
"凝固","ぎょうこ","4","CHE-002 CHE-006 BIO-119"
"虚像","きょぞう","8","PHY-015 PHY-019 PHY-023 PHY-024 PHY-028 PHY-029 PHY-030"
"銀河系","ぎんがけい","2","EAR-166 EAR-167"
"偶然誤差","ぐうぜんごさ","2","INQ-039 INQ-042"
"屈性","くっせい","1","BIO-094"
"屈折","くっせつ","10","PHY-017 PHY-018 PHY-019 PHY-020 PHY-021 PHY-022 PHY-029 BIO-128"
"系統誤差","けいとうごさ","3","INQ-040 INQ-042 INQ-032"
"夏至","げし","1","EAR-144"
"月食","げっしょく","6","EAR-012 EAR-155 EAR-156 INQ-118"
"原子核","げんしかく","8","PHY-098 PHY-177 CHE-101 CHE-141 CHE-142 CHE-143 CHE-144"
"減数分裂","げんすうぶんれつ","1","BIO-132"
"顕性","けんせい","5","BIO-148 BIO-149 BIO-152 BIO-153 BIO-154"
"顕性形質","けんせいけいしつ","3","BIO-149 BIO-152 BIO-154"
"検定交雑","けんていこうざつ","1","BIO-154"
"顕微鏡","けんびきょう","7","BIO-003 BIO-044 BIO-045 BIO-046 EAR-032 BIO-049"
"恒星","こうせい","6","EAR-148 EAR-159 EAR-165 EAR-166 EAR-167"
"鉱物","こうぶつ","11","EAR-032 EAR-033 EAR-034 EAR-035 EAR-036 EAR-039 EAR-040 EAR-041"
"合弁花類","ごうべんかるい","1","BIO-054"
"孔辺細胞","こうへんさいぼう","1","BIO-083"
"交絡要因","こうらくよういん","1","INQ-094"
"枯渇性","こかつせい","2","PHY-174"
"再結晶","さいけっしょう","6","CHE-019 CHE-020 CHE-022 CHE-023 CHE-024 CHE-059"
"再現性","さいげんせい","4","INQ-023 INQ-024 PHY-007 CHE-140"
"再資源化","さいしげんか","1","CHE-164"
"最大離角","さいだいりかく","1","EAR-163"
"作用点","さようてん","4","PHY-075 PHY-077 PHY-066 PHY-073"
"酸化","さんか","90","BIO-024 CHE-031 CHE-042 CHE-043 BIO-030 BIO-031 BIO-033 CHE-032"
"磁界","じかい","17","PHY-048 PHY-051 PHY-050 PHY-054 PHY-055 PHY-131 PHY-132 PHY-133"
"師管","しかん","6","BIO-078 BIO-079 BIO-080 BIO-081 BIO-082 BIO-092"
"視差","しさ","1","PHY-002"
"示準化石","しじゅんかせき","5","EAR-021 EAR-066 EAR-068 EAR-069"
"示相化石","しそうかせき","4","EAR-021 EAR-067 EAR-068"
"実像","じつぞう","9","PHY-021 PHY-022 PHY-023 PHY-024 PHY-025 PHY-026 PHY-027 PHY-029"
"支点","してん","5","PHY-163 PHY-075 PHY-076 PHY-077 PHY-079"
"子房","しぼう","7","BIO-018 BIO-019 BIO-050 BIO-051 BIO-052 BIO-058 BIO-146"
"斜面","しゃめん","2","PHY-081 PHY-148"
"周期表","しゅうきひょう","3","CHE-146 CHE-147"
"褶曲","しゅうきょく","2","EAR-072 EAR-074"
"従属変数","じゅうぞくへんすう","4","INQ-018 INQ-020 INQ-045 PHY-007"
"絨毛","じゅうもう","1","BIO-105"
"需給調整","じゅきゅうちょうせい","2","PHY-171 PHY-176"
"受精","じゅせい","31","BIO-020 BIO-018 BIO-019 BIO-023 BIO-024 BIO-026 BIO-051 BIO-055"
"受粉","じゅふん","6","BIO-020 BIO-017 BIO-018 BIO-019 BIO-052"
"主要動","しゅようどう","4","EAR-045 EAR-046 EAR-056"
"子葉","しよう","1","BIO-006"
"消化酵素","しょうかこうそ","5","BIO-032 BIO-098 BIO-102 BIO-103 BIO-174"
"蒸散","じょうさん","14","EAR-005 BIO-015 BIO-016 BIO-078 BIO-083 BIO-090 BIO-091 BIO-092"
"焦点","しょうてん","15","BIO-003 PHY-021 PHY-022 PHY-023 PHY-024 PHY-025 PHY-026 PHY-027"
"上方置換","じょうほうちかん","1","CHE-035"
"上方置換法","じょうほうちかんほう","1","CHE-037"
"蒸留","じょうりゅう","6","CHE-056 CHE-057 CHE-058 CHE-059"
"初期微動","しょきびどう","6","EAR-045 EAR-046 EAR-047 EAR-056 EAR-173"
"触媒","しょくばい","3","CHE-060 CHE-087 CHE-159"
"磁力線","じりょくせん","1","PHY-050"
"震央","しんおう","4","EAR-044 EAR-173"
"震源","しんげん","11","EAR-027 EAR-044 EAR-047 EAR-049 EAR-050 EAR-051 EAR-052 EAR-056"
"侵食","しんしょく","10","EAR-016 EAR-017 EAR-018 EAR-060 EAR-073 EAR-081 EAR-082 EAR-086"
"深成岩","しんせいがん","5","EAR-037 EAR-039 EAR-040 EAR-042"
"腎臓","じんぞう","4","BIO-121 BIO-122 BIO-123"
"靱帯","じんたい","1","BIO-130"
"震度","しんど","6","EAR-044 EAR-050 EAR-051 EAR-052"
"振動数","しんどうすう","6","PHY-033 PHY-034 PHY-035 PHY-036 PHY-039"
"振幅","しんぷく","4","PHY-033 PHY-035 PHY-039"
"膵液","すいえき","1","BIO-103"
"水上置換","すいじょうちかん","1","CHE-035"
"水上置換法","すいじょうちかんほう","1","CHE-036"
"彗星","すいせい","1","EAR-164"
"膵臓","すいぞう","1","BIO-097"
"垂直抗力","すいちょくこうりょく","1","PHY-070"
"析出","せきしゅつ","6","CHE-127 CHE-148 CHE-149 CHE-150 CHE-154 CHE-157"
"脊椎動物","せきついどうぶつ","5","BIO-025 BIO-026 BIO-059 BIO-068 BIO-076"
"節足動物","せっそくどうぶつ","6","BIO-021 BIO-069 BIO-070 BIO-071 BIO-073"
"扇状地","せんじょうち","1","EAR-084"
"潜性","せんせい","4","BIO-149 BIO-152 BIO-153 BIO-154"
"潜性形質","せんせいけいしつ","2","BIO-149 BIO-154"
"前線","ぜんせん","13","EAR-008 EAR-107 EAR-108 EAR-109 EAR-110 EAR-111 EAR-112 EAR-114"
"全反射","ぜんはんしゃ","1","PHY-020"
"閃緑岩","せんりょくがん","1","EAR-040"
"双子葉類","そうしようるい","8","BIO-006 BIO-053 BIO-054 BIO-078 BIO-080 BIO-081"
"相同器官","そうどうきかん","2","BIO-074 BIO-075"
"対照実験","たいしょうじっけん","14","BIO-004 BIO-005 BIO-012 BIO-013 BIO-014 BIO-016 INQ-095 BIO-088"
"帯水層","たいすいそう","1","EAR-083"
"堆積","たいせき","22","EAR-016 EAR-017 EAR-018 EAR-019 EAR-020 EAR-021 EAR-059 EAR-061"
"堆積物","たいせきぶつ","1","EAR-058"
"胆汁","たんじゅう","1","BIO-102"
"単子葉類","たんしようるい","6","BIO-006 BIO-053 BIO-058 BIO-080 BIO-081"
"断層","だんそう","12","EAR-019 EAR-023 EAR-044 EAR-053 EAR-054 EAR-072 EAR-074 EAR-075"
"断熱膨張","だんねつぼうちょう","1","EAR-100"
"地層累重","ちそうるいじゅう","1","EAR-072"
"柱状図","ちゅうじょうず","1","EAR-077"
"中枢神経","ちゅうすうしんけい","1","BIO-124"
"中性子","ちゅうせいし","6","CHE-104 CHE-141 CHE-142 CHE-143 CHE-145"
"中和","ちゅうわ","24","CHE-048 CHE-091 CHE-050 CHE-110 CHE-114 CHE-117 CHE-118 CHE-119"
"沈殿","ちんでん","13","CHE-017 CHE-028 CHE-180 BIO-099 CHE-106 CHE-124 CHE-125 CHE-184"
"停滞前線","ていたいぜんせん","3","EAR-111 EAR-118 EAR-171"
"電解質","でんかいしつ","9","CHE-107 CHE-108 CHE-115 CHE-130 CHE-132 CHE-156 CHE-157 INQ-109"
"電磁誘導","でんじゆうどう","5","PHY-134 PHY-135 PHY-136 PHY-169 INQ-107"
"展性","てんせい","1","CHE-054"
"電離","でんり","14","PHY-179 CHE-102 CHE-103 CHE-105 CHE-106 CHE-107 CHE-108 CHE-109"
"電離作用","でんりさよう","1","PHY-179"
"等圧線","とうあつせん","2","EAR-103 EAR-104"
"同位体","どういたい","3","CHE-142 CHE-145"
"透過性","とうかせい","2","PHY-178"
"道管","どうかん","8","BIO-078 BIO-079 BIO-080 BIO-081 BIO-082 BIO-092 BIO-093 INQ-112"
"冬至","とうじ","1","EAR-144"
"等粒状組織","とうりゅうじょうそしき","1","EAR-039"
"独立変数","どくりつへんすう","5","INQ-018 INQ-019 INQ-020 INQ-044 PHY-007"
"凸","とつ","1","PHY-021"
"内挿","ないそう","2","INQ-056 INQ-057"
"軟体動物","なんたいどうぶつ","3","BIO-072 BIO-073"
"南中高度","なんちゅうこうど","6","EAR-142 EAR-143 EAR-144 EAR-145 EAR-146 INQ-117"
"日周運動","にっしゅううんどう","9","EAR-010 EAR-013 EAR-014 EAR-131 EAR-133 EAR-134 EAR-136 INQ-116"
"日食","にっしょく","4","EAR-011 EAR-154 EAR-156"
"尿素","にょうそ","5","BIO-107 BIO-121 BIO-122 BIO-123"
"年周運動","ねんしゅううんどう","4","EAR-015 EAR-139 EAR-140 EAR-141"
"胚","はい","1","BIO-006"
"胚珠","はいしゅ","9","BIO-018 BIO-019 BIO-050 BIO-051 BIO-052 BIO-057 BIO-058 BIO-145"
"胚乳","はいにゅう","1","BIO-006"
"肺胞","はいほう","3","BIO-108 BIO-109 BIO-117"
"箔","はく","1","BIO-014"
"爬虫類","はちゅうるい","2","BIO-026 BIO-062"
"発芽","はつが","1","BIO-004"
"発熱反応","はつねつはんのう","2","CHE-091 CHE-122"
"反射","はんしゃ","22","PHY-011 PHY-184 PHY-185 EAR-012 PHY-013 PHY-014 PHY-015 PHY-016"
"反証","はんしょう","1","INQ-027"
"斑状組織","はんじょうそしき","1","EAR-038"
"斑れい岩","はんれいがん","1","EAR-040"
"被子植物","ひししょくぶつ","6","BIO-050 BIO-051 BIO-053 BIO-058 EAR-071"
"非電解質","ひでんかいしつ","2","CHE-107"
"被度","ひど","1","BIO-169"
"百葉箱","ひゃくようばこ","1","EAR-002"
"頻度","ひんど","1","BIO-169"
"風化","ふうか","2","EAR-082"
"孵化","ふか","1","BIO-023"
"不整合","ふせいごう","1","EAR-073"
"沸点","ふってん","10","CHE-008 CHE-009 CHE-010 CHE-011 CHE-052 CHE-056 CHE-196 CHE-059"
"浮力","ふりょく","8","PHY-004 PHY-091 PHY-092 PHY-093 PHY-095 PHY-094"
"分解者","ぶんかいしゃ","3","BIO-028 BIO-160 BIO-165"
"閉塞前線","へいそくぜんせん","3","EAR-112 EAR-113 EAR-171"
"方形区法","ほうけいくほう","1","BIO-169"
"放射性物質","ほうしゃせいぶっしつ","3","PHY-172 PHY-177"
"放射線","ほうしゃせん","7","PHY-177 PHY-178 PHY-179 PHY-180 CHE-145"
"放射能","ほうしゃのう","2","PHY-177"
"飽和","ほうわ","1","CHE-021"
"飽和水蒸気量","ほうわすいじょうきりょう","5","EAR-093 EAR-094 EAR-096 EAR-097 EAR-130"
"飽和水溶液","ほうわすいようえき","3","CHE-020 CHE-023 CHE-112"
"末梢神経","まっしょうしんけい","1","BIO-124"
"無性生殖","むせいせいしょく","4","BIO-133 BIO-139 BIO-140 BIO-141"
"無脊椎動物","むせきついどうぶつ","5","BIO-025 BIO-059 BIO-069 BIO-072 BIO-073"
"融解","ゆうかい","7","CHE-002 CHE-006 CHE-011 CHE-196 CHE-073 CHE-092"
"有性生殖","ゆうせいせいしょく","3","BIO-142 BIO-156"
"融点","ゆうてん","6","CHE-006 CHE-010 CHE-052 CHE-196 CHE-140"
"誘導電流","ゆうどうでんりゅう","2","PHY-134 PHY-135"
"陽イオン","よういおん","21","CHE-174 CHE-101 CHE-102 CHE-103 CHE-105 CHE-108 CHE-117 CHE-118"
"溶解度","ようかいど","11","CHE-014 CHE-019 CHE-020 CHE-021 CHE-022 CHE-023 CHE-024 CHE-036"
"陽極","ようきょく","5","CHE-086 CHE-126 CHE-128 CHE-129 CHE-133"
"陽子","ようし","10","PHY-098 CHE-101 CHE-103 CHE-104 CHE-141 CHE-142 CHE-143 CHE-144"
"溶質","ようしつ","13","CHE-014 CHE-015 CHE-018 CHE-019 CHE-013 CHE-021 CHE-025 CHE-026"
"溶媒","ようばい","5","CHE-018 CHE-013 CHE-025 CHE-058"
"裸子植物","らししょくぶつ","4","BIO-050 BIO-051 BIO-052"
"力学的エネルギー","りきがくてきえねるぎー","2","PHY-159 PHY-160"
"力点","りきてん","2","PHY-075 PHY-077"
"離弁花類","りべんかるい","1","BIO-054"
"硫化","りゅうか","4","CHE-074 CHE-082 CHE-158 CHE-169"
"露点","ろてん","12","EAR-093 EAR-094 EAR-095 EAR-096 EAR-097 EAR-099 EAR-169 EAR-170"
"惑星","わくせい","13","EAR-157 EAR-158 EAR-159 EAR-160 EAR-161 EAR-162 EAR-163 EAR-164"
